,school,sex,age,address,famsize,Pstatus,Medu,Fedu,Mjob,Fjob,reason,guardian,traveltime,studytime,failures,schoolsup,famsup,paid,activities,nursery,higher,internet,romantic,famrel,freetime,goout,Dalc,Walc,health,absences,G1,G2,G3,grade_level
0,GP,F, 18 ,U,GT3,A,4,4,at_home,teacher,course,mother,,2.0,0,yes,no,no,no,yes,yes,no,no,4,3.0,4,1,1,3.0,4,nan,11.0,11,medium
1,GP,F,17,U,GT3,T,1,1,at_home,other,course,father,1.0,2.0,0,no,yes,no,no,no,yes,yes,no,5,3.0,3,1,1,,?,9.0,11.0,11,medium
2,GP,F,15,U,LE3,T,1,1,at_home,other,other,mother,1.0,2.0,0, yes , no , no , no , yes , yes , yes , no ,4,3.0,2,2,3,3.0,6,12.0,13.0,12,medium
3,GP,F,15,U,GT3,T,4,2,health,services,home,mother,1.0,3.0,0,no,yes,no,yes,yes,yes,yes,yes,3,2.0,2,1,1,5.0,0,14.0,14.0,14,HIGH
4,GP,F,16,U,GT3,T,3,3,other,other,home,father,1.0,,0,no,yes,no,no,yes,yes,no,no,4,3.0,2,1,2,,0,11.0,13.0,13,medium
5,GP,M,16,U,LE3,T,4,3,services,other,reputation,mother,1.0,2.0,0,no,yes,no,yes,yes,yes,yes,no,5,4.0,2,1,2,5.0,6,12.0,12.0,13,medium
6,GP,M,16,U,LE3,T,2,2,other,other,home,mother,1.0,2.0,0,NO,NO,NO,NO,YES,YES,YES,NO,4,4.0,4,1,1,3.0,0,13.0,12.0,13,medium
7,GP,F,17,U,GT3,A,4,4,other,teacher,home,mother,2.0,2.0,0,YES,YES,NO,NO,YES,YES,NO,NO,4,1.0,4,1,1,1.0,2,10.0,13.0,13,medium
8,GP,M,15,U,LE3,A,3,2,services,other,home,mother,1.0,2.0,0,no,yes,no,no,yes,yes,yes,no,4,2.0,2,1,1,1.0,0,15.0,16.0,17,high
9,GP,M,15,U,GT3,T,3,4,other,other,home,mother,1.0,2.0,0,no,yes,no,yes,yes,yes,yes,no,5,5.0,1,1,1,5.0,0,12.0,12.0,13,medium
10,GP,F,15,U,GT3,T,4,4,teacher,health,reputation,mother,1.0,2.0,0,no,yes,no,no,yes,yes,yes,no,3,,3,1,2,,2,,14.0,14,HIGH
11,GP,F, 15 ,U,GT3,T,2,1,services,other,reputation,father,3.0,3.0,0,,,,,,,,,5,2.0,2,1,1,4.0,0,10.0,12.0,13,medium
12,GP,M,15,U,LE3,T,4,4,health,services,course,father,1.0,1.0,0,NO,YES,NO,YES,YES,YES,YES,NO,4,3.0,3,1,3,5.0,0,12.0,13.0, 12 ,medium
13,GP,M, 15 ,U,GT3,T,4,3,teacher,other,course,mother,2.0,2.0,0,no,yes,no,no,yes,yes,yes,no,5,4.0,3,1,2,3.0,0,12.0,12.0,13,MEDIUM
14,GP,M,15,U,GT3,A,2,2,other,other,home,other,,3.0,0,,,,,,,,,4,5.0,2,1,1,3.0,0,14.0,14.0,15,HIGH
15,GP,F,16,U,GT3,T,4,4,health,other,home,mother,1.0,1.0,0,no,yes,no,no,yes,yes,yes,no,4,,4,1,2,2.0,6,17.0,17.0,17,high
16,GP,F,16,U,GT3,T,4,4,services,services,reputation,mother,1.0,3.0,0,NO,YES,NO,YES,YES,YES,YES,NO,3,,3,1,2,2.0,10,13.0,,14,HIGH
17,GP,F, 16 ,U,GT3,T,3,3,other,other,reputation,mother,3.0,,0,yes,yes,no,yes,yes,yes,no,no,5,3.0,2,1,1,4.0,2,13.0,14.0,14,high
18,GP,M,17,U,GT3,T,3,2,services,services,course,mother,1.0,1.0,3,no,yes,yes,yes,yes,yes,yes,no,5,5.0,5,2,4,,2,8.0,8.0,7,LOW
19,GP,M,16,U,LE3,T,4,3,health,other,home,father,1.0,1.0,0,no,no,no,yes,yes,yes,yes,no,3,,3,1,3,5.0,6,12.0,12.0,12,medium
20,GP,M,15,U,GT3,T,4,3,teacher,other,reputation,mother,1.0,2.0,0,no,no,no,no,yes,yes,yes,no,4,4.0,1,1,1,1.0,0,12.0,13.0,14,high
21,GP,M,15,U,GT3,T,4,4,health,health,other,father,1.0,1.0,0,no,yes,yes,no,yes,yes,yes,no,5,4.0,2,1,1,5.0,0,11.0,12.0,12,medium
22,GP,M,16,U,LE3,T,4,2,teacher,other,course,mother,1.0,2.0,0,NO,NO,NO,YES,YES,YES,YES,NO,4,5.0,1,1,3,5.0,0,12.0,13.0,14,high
23,GP,M, 16 ,U,LE3,T,2,2,other,other,reputation,mother,2.0,2.0,0,no,yes,no,yes,yes,yes,yes,no,5,4.0,4,2,4,5.0,2,10.0,10.0,10,medium
24,GP,F,15,R,GT3,T,2,4,services,health,course,mother,1.0,3.0,0,YES,YES,NO,YES,YES,YES,YES,NO,4,,2,1,1,5.0,2,10.0,11.0,10,medium
25,GP,F,16,U,GT3,T,2,2,services,services,home,mother,1.0,1.0,0, no , yes , no , no , no , yes , yes , no ,1,2.0,2,1,3,5.0,6,10.0,11.0,12,medium
26,GP,M,15,U,GT3,T,2,2,other,other,home,mother,1.0,1.0,0, no , yes , no , no , yes , yes , yes , no ,4,2.0,2,1,2,5.0,8,11.0,12.0,12,medium
27,GP,M,15,U,GT3,T,4,2,health,services,other,mother,1.0,,0,NO,NO,NO,NO,YES,YES,YES,NO,2,2.0,4,2,4,1.0,0,11.0,11.0,11,medium
28,GP,M,16,U,LE3,A,3,4,services,other,home,mother,1.0,2.0,0,yes,yes,yes,yes,yes,yes,yes,no,5,3.0,3,1,1,5.0,2,12.0,12.0,13,medium
29,GP,M,16,U,GT3,T,4,4,teacher,teacher,home,mother,1.0,2.0,0,no,yes,yes,yes,yes,yes,yes,yes,4,4.0,5,5,5,5.0,4,12.0,11.0,12,MEDIUM
30,GP,M,15,U,GT3,T,4,4,health,services,home,mother,1.0,2.0,0,no,yes,yes,no,no,yes,yes,no,5,4.0,2,3,4,5.0,?,10.0,11.0,11,MEDIUM
31,GP,M,15,U,GT3,T,4,4,services,services,reputation,mother,,2.0,0,NO,YES,NO,YES,YES,YES,YES,NO,4,3.0,1,1,1,5.0,2,15.0,15.0,15,high
32,GP,M,15,R,GT3,T,4,3,teacher,at_home,course,mother,1.0,2.0,0,no,yes,no,yes,yes,yes,yes,yes,4,5.0,2,1,1,5.0,0,13.0,14.0,15,HIGH
33,GP,M,15,U,LE3,T,3,3,other,other,course,mother,,2.0,0, NO , NO , NO , YES , NO , YES , YES , NO ,5,3.0,2,1,1,2.0,0,13.0,12.0,12,medium
34,GP,M, 16 ,U,GT3,T,3,2,other,other,home,mother,1.0,1.0,0,no,yes,no,no,no,yes,yes,no,5,4.0,3,1,1,5.0,4,12.0,12.0,12,medium
35,GP,F,15,U,GT3,T,2,3,other,other,other,father,2.0,1.0,0,NO,YES,NO,YES,YES,YES,NO,NO,3,5.0,1,1,1,5.0,4,11.0,11.0,11,medium
36,GP,M,15,U,LE3,T,4,3,teacher,services,home,mother,1.0,3.0,0,no,yes,no,yes,yes,yes,yes,no,5,4.0,3,1,1,4.0,0,14.0,14.0,14,high
37,GP,M,16,R,GT3,A,4,4,other,teacher,reputation,mother,2.0,3.0,0,no,yes,no,yes,yes,yes,yes,yes,2,4.0,3,1,1,5.0,?,13.0,13.0,13,medium
38,GP,F,15,R,GT3,T,3,4,services,health,course,mother,1.0,3.0,0,yes,yes,no,yes,yes,yes,yes,no,4,3.0,2,1,1,5.0,2,11.0,12.0,12,medium
39,GP,F,15,R,GT3,T,2,2,at_home,other,reputation,mother,1.0,1.0,0,yes,yes,no,yes,yes,yes,no,no,4,3.0,1,1,1,2.0,8,14.0,13.0,12,medium
40,GP,F,16,U,LE3,T,2,2,other,other,home,mother,2.0,2.0,0,no,yes,no,yes,no,yes,yes,yes,3,3.0,3,1,2,3.0,16,11.0,,10,medium
41,GP,M, 15 ,U,LE3,T,4,4,teacher,other,home,other,1.0,1.0,0,no,yes,no,no,no,yes,yes,yes,5,4.0,3,2,4,5.0,8,10.0,11.0,11,medium
42,GP,M,15,U,GT3,T,4,4,services,teacher,course,father,1.0,2.0,0,no,yes,no,yes,yes,yes,yes,no,4,3.0,3,1,1,5.0,0,14.0,15.0,15, high 
43,GP,M,15,U,GT3,T,2,2,services,services,course,father,1.0,1.0,0,YES,YES,NO,NO,YES,YES,YES,NO,5,4.0,1,1,1,,0,9.0,10.0,10,medium
44,GP,F,16,U,LE3,T,2,2,other,at_home,course,father,2.0,2.0,1,yes,no,no,yes,yes,yes,yes,no,4,3.0,3,2,2,5.0,14,10.0,,11,medium
45,GP,F,15,U,LE3,A,4,3,other,other,course,mother,1.0,2.0,0,YES,YES,YES,YES,YES,YES,YES,YES,5,2.0,2,1,1,5.0,4,,11.0,11,MEDIUM
46,GP,F,16,U,LE3,A,3,3,other,services,home,mother,1.0,2.0,0,no,yes,no,no,yes,yes,yes,no,2,3.0,5,1,4,,6,13.0,12.0,13,medium
47,GP,M, 16 ,U,GT3,T,4,3,health,services,reputation,mother,1.0,4.0,0,no,no,no,yes,yes,yes,yes,no,4,2.0,2,1,1,2.0,2,17.0,17.0,17,high
48,GP,M,15,U,GT3,T,4,2,teacher,other,home,mother,1.0,2.0,0,no,yes,no,no,yes,yes,no,no,4,3.0,3,2,2,5.0,4,11.0,12.0,13,medium
49,GP,F,15,U,GT3,T,4,4,services,teacher,other,father,1.0,2.0,0,yes,yes,no,yes,no,yes,yes,no,4,4.0,4,1,1,3.0,2,13.0,12.0,12,medium
50,GP,F,16,U,LE3,T,2,2,services,services,course,mother,3.0,2.0,0,no,yes,no,no,yes,yes,yes,no,4,3.0,3,2,3,4.0,0,14.0,13.0,13,medium
51,GP,F,15,U,LE3,T,4,2,health,other,other,mother,1.0,,0,no,yes,no,no,yes,yes,yes,no,4,3.0,3,1,1,5.0,0,16.0,14.0,16,high
52,GP,M,15,U,LE3,A,4,2,health,health,other,father,2.0,1.0,0,NO,NO,NO,NO,YES,YES,NO,NO,5,5.0,5,3,4,5.0,4,10.0,9.0,9,LOW
53,GP,F,15,U,GT3,T,4,4,services,services,course,mother,1.0,1.0,0,yes,yes,no,no,yes,yes,yes,no,3,3.0,4,2,3,5.0,0,13.0,12.0,12,medium
54,GP,F,15,U,LE3,A,3,3,other,other,other,mother,1.0,1.0,0,no,no,no,no,yes,yes,yes,no,5,3.0,4,4,4,1.0,0,13.0,12.0,13,medium
55,GP,F,16,U,GT3,A,2,1,other,other,other,mother,1.0,2.0,0,no,no,no,yes,yes,yes,yes,yes,5,3.0,4,1,1,2.0,?,12.0,13.0,12,medium
56,GP,F,15,U,GT3,A,4,3,services,services,reputation,mother,1.0,2.0,0,,,,,,,,,4,3.0,2,1,1,1.0,0,15.0,14.0,15,HIGH
57,GP,M,15,U,GT3,T,4,4,teacher,health,reputation,mother,1.0,2.0,0,NO,YES,NO,YES,YES,YES,NO,NO,3,,2,3,3,5.0,24.0,15.0,15.0,16,HIGH
58,GP,M,15,U,LE3,T,1,2,other,at_home,home,father,1.0,2.0,0,yes,yes,no,yes,yes,yes,yes,no,4,3.0,2,1,1,5.0,0,14.0,13.0,14,high
59,GP,F, 16 ,U,GT3,T,4,2,services,other,course,mother,1.0,2.0,0,no,yes,yes,no,yes,yes,yes,no,4,2.0,3,1,1,5.0,2,16.0,15.0,16,HIGH
60,GP,F, 16 ,R,GT3,T,4,4,health,teacher,other,mother,1.0,2.0,0, no , yes , no , yes , yes , yes , no , no ,2,4.0,4,2,3,4.0,0,17.0,16.0,16,high
61,GP,F,16,U,GT3,T,1,1,services,services,course,father,4.0,1.0,0,yes,yes,no,yes,no,yes,yes,yes,5,5.0,5,5,5,5.0,0,10.0,10.0,16,high
62,GP,F,16,U,LE3,T,1,2,other,services,reputation,father,1.0,2.0,0,yes,no,no,yes,yes,yes,yes,no,4,4.0,3,1,1,1.0,0,13.0,13.0,10,MEDIUM
63,GP,F,16,U,GT3,T,4,3,teacher,health,home,mother,1.0,3.0,0,yes,yes,no,yes,yes,yes,yes,no,3,4.0,4,2,4,,0,14.0,13.0,13,MEDIUM
64,GP,F,15,U,LE3,T,4,3,services,services,reputation,father,1.0,2.0,0,YES,NO,NO,YES,YES,YES,YES,YES,4,4.0,4,2,4,2.0,0,13.0,12.0,12,medium
65,GP,F, 16 ,U,LE3,T,4,3,teacher,services,course,mother,3.0,2.0,0,NO,YES,NO,YES,YES,YES,YES,NO,5,,3,1,2,1.0,2,16.0,15.0,16, high 
66,GP,M, 15 ,U,GT3,A,4,4,other,services,reputation,mother,1.0,4.0,0,no,yes,no,yes,no,yes,yes,yes,1,3.0,3,5,5,3.0,0,11.0,12.0,12,medium
67,GP,F,16,U,GT3,T,3,1,services,other,course,mother,1.0,4.0,0,yes,yes,no,no,yes,yes,yes,no,4,3.0,3,1,2,5.0,0,10.0,9.0, 10 ,medium
68,GP,F,15,R,LE3,T,2,2,health,services,reputation,mother,2.0,,0,yes,yes,no,no,yes,yes,yes,no,4,1.0,3,1,3,4.0,0,11.0,10.0,11, medium 
69,GP,F, 15 ,R,LE3,T,3,1,other,other,reputation,father,2.0,4.0,0,no,yes,no,no,no,yes,yes,no,4,4.0,2,2,3,3.0,6,15.0,15.0,15,high
70,GP,M,16,U,GT3,T,3,1,other,other,reputation,father,2.0,4.0,0,no,yes,no,no,yes,yes,yes,no,4,3.0,2,1,1,,2,13.0,11.0,11,medium
71,GP,M,15,U,GT3,T,4,2,other,other,course,mother,1.0,4.0,0,no,no,no,no,yes,yes,yes,no,3,3.0,3,1,1,3.0,0,11.0,9.0,10,MEDIUM
72,GP,F,15,R,GT3,T,1,1,other,other,reputation,mother,1.0,2.0,0,yes,yes,no,no,no,yes,yes,yes,3,,4,2,4,5.0,2,13.0,11.0,11,medium
73,GP,M,16,U,GT3,T,3,1,other,other,reputation,mother,,1.0,0,no,no,no,yes,yes,yes,no,no,5,3.0,2,2,2,5.0,0,13.0,13.0,14,high
74,GP,F,16,U,GT3,T,3,3,other,services,home,mother,1.0,,0,yes,yes,no,yes,yes,yes,yes,no,4,3.0,3,2,4,5.0,4,11.0,11.0, 11 ,medium
75,GP,M,15,U,GT3,T,4,3,teacher,other,home,mother,1.0,2.0,0,no,yes,no,yes,yes,yes,yes,no,4,3.0,3,2,3,,0,11.0,11.0,11,medium
76,GP,M,15,U,GT3,T,4,0,teacher,other,course,mother,,4.0,0,NO,NO,NO,YES,YES,YES,YES,NO,3,4.0,3,1,1,1.0,0,12.0,11.0,11,medium
77,GP,F,16,U,GT3,T,2,2,other,other,reputation,mother,1.0,4.0,0,no,no,no,no,yes,yes,yes,yes,5,,3,1,3,3.0,1,13.0,13.0,13,MEDIUM
78,GP,M,17,U,GT3,T,2,1,other,other,home,mother,,1.0,3,,,,,,,,,4,5.0,1,1,1,3.0,0,9.0,9.0,10,medium
79,GP,F,16,U,GT3,T,3,4,at_home,other,course,mother,1.0,2.0,0,no,yes,no,no,yes,yes,yes,no,2,4.0,3,1,2,3.0,14,12.0,,11,medium
80,GP,M,15,U,GT3,T,2,3,other,services,course,father,1.0,1.0,0,yes,yes,no,yes,no,yes,yes,yes,3,2.0,2,1,3,3.0,?,11.0,11.0,12,MEDIUM
81,GP,M,15,U,GT3,T,2,3,other,other,home,mother,1.0,3.0,0,yes,no,no,no,no,yes,yes,no,5,3.0,2,1,2,5.0,2,,9.0,9,low
82,GP,F, 15 ,U,LE3,T,3,2,services,other,reputation,mother,,2.0,0,no,yes,no,no,yes,yes,yes,no,4,4.0,4,1,1,5.0,4,12.0,11.0,11,medium
83,GP,M,15,U,LE3,T,2,2,services,services,home,mother,2.0,2.0,0,no,no,yes,yes,yes,yes,yes,no,5,,3,1,3,,2,13.0,12.0,13,medium
84,GP,F,15,U,GT3,T,1,1,other,other,home,father,1.0,,0,no,yes,no,yes,no,yes,yes,no,4,3.0,2,2,3,4.0,2,13.0,12.0,12,medium
85,GP,F, 15 ,U,GT3,T,4,4,services,services,reputation,father,,,0,no,no,no,no,yes,yes,yes,yes,4,4.0,4,2,3,5.0,4,12.0,11.0,12,medium
86,GP,F,16,U,LE3,T,2,2,at_home,other,course,mother,1.0,2.0,0,no,yes,no,no,yes,yes,no,no,4,3.0,4,1,2,2.0,6,13.0,11.0,11,medium
87,GP,F,15,U,GT3,T,4,2,other,other,reputation,mother,1.0,3.0,0,no,yes,no,yes,yes,yes,yes,no,5,,3,1,3,1.0,4,15.0,15.0,15,high
88,GP,M, 16 ,U,GT3,T,2,2,services,other,reputation,father,2.0,2.0,0,no,no,no,yes,no,yes,yes,no,4,4.0,2,1,1,3.0,6,12.0,10.0,11,medium
89,GP,M,16,U,LE3,A,4,4,teacher,health,reputation,mother,1.0,2.0,0,no,yes,no,no,yes,yes,no,no,4,1.0,3,3,5,5.0,?,9.0,9.0,10,medium
90,GP,F,16,U,GT3,T,3,3,other,other,home,mother,1.0,3.0,0,no,yes,no,no,yes,yes,yes,yes,4,3.0,3,1,3,,2,9.0,11.0,11,MEDIUM
91,GP,F,15,U,GT3,T,4,3,services,other,reputation,mother,,1.0,0,no,no,no,yes,yes,yes,yes,no,4,,5,1,3,1.0,6,14.0,13.0,13,MEDIUM
92,GP,F, 16 ,U,LE3,T,3,1,other,other,home,father,1.0,2.0,0, YES , YES , NO , NO , YES , YES , NO , NO ,3,3.0,3,2,3,2.0,0,12.0,13.0,12,MEDIUM
93,GP,F,16,U,GT3,T,4,2,teacher,services,home,mother,2.0,2.0,0,no,yes,no,yes,yes,yes,yes,no,5,3.0,3,1,1,1.0,2,13.0,14.0,14,high
94,GP,M,15,U,LE3,T,2,2,services,health,reputation,mother,,4.0,0,no,yes,no,yes,yes,yes,yes,no,4,3.0,4,1,1,4.0,2,11.0,12.0,12,MEDIUM
95,GP,F,15,R,GT3,T,1,1,at_home,other,home,mother,2.0,4.0,0, yes , yes , yes , yes , yes , yes , yes , no ,3,,2,1,1,1.0,4,13.0,13.0,13,medium
96,GP,M,16,R,GT3,T,4,3,services,other,reputation,mother,2.0,1.0,0, yes , yes , yes , yes , no , yes , yes , no ,3,3.0,3,1,1,4.0,6,9.0,11.0,11,medium
97,GP,F,16,U,GT3,T,2,1,other,other,course,mother,1.0,,0,no,yes,no,no,yes,yes,no,yes,4,3.0,5,1,1,5.0,0,13.0,12.0,12,medium
98,GP,F,16,U,GT3,T,4,4,other,other,reputation,mother,1.0,1.0,0,no,no,no,yes,no,yes,yes,no,5,3.0,4,1,2,,4,12.0,13.0,13,medium
99,GP,F,16,U,GT3,T,4,3,other,at_home,course,mother,1.0,3.0,0,yes,yes,no,no,yes,yes,yes,no,5,3.0,5,1,1,3.0,2,12.0,13.0,13,medium
100,GP,M,16,U,GT3,T,4,4,services,services,other,mother,1.0,1.0,0,yes,yes,no,yes,yes,yes,yes,no,4,5.0,5,5,5,4.0,12,9.0,,8,low
101,GP,M, 16 ,U,GT3,T,4,4,services,teacher,other,father,1.0,3.0,0,,,,,,,,,4,4.0,3,1,1,4.0,0,16.0,16.0,16,high
102,GP,M,15,U,GT3,T,4,4,services,other,course,mother,1.0,1.0,0,NO,YES,YES,YES,NO,YES,YES,NO,5,3.0,3,1,1,5.0,2,12.0,13.0,12,medium
103,GP,F,15,U,GT3,T,3,2,services,other,home,mother,2.0,2.0,0,yes,yes,no,no,yes,yes,yes,no,4,,5,1,1,2.0,16,11.0,,10,medium
104,GP,M,15,U,GT3,A,3,4,services,other,course,mother,1.0,2.0,0,no,yes,no,yes,yes,yes,yes,no,5,4.0,4,1,1,,0,16.0,16.0,16, high 
105,GP,F,15,U,GT3,A,3,3,other,health,reputation,father,1.0,4.0,0,yes,no,no,no,yes,yes,no,no,4,3.0,3,1,1,4.0,10,10.0,,10,medium
106,GP,F,15,U,GT3,T,2,2,other,other,course,mother,1.0,4.0,0,yes,yes,no,no,yes,yes,yes,no,5,1.0,2,1,1,3.0,4,10.0,10.0, 10 ,MEDIUM
107,GP,M, 16 ,U,GT3,T,3,3,services,other,home,father,1.0,3.0,0,no,yes,no,yes,yes,yes,yes,no,5,3.0,3,1,1,5.0,4,,14.0,14,high
108,GP,M,15,R,GT3,T,4,4,other,other,home,father,4.0,,0,no,yes,no,yes,yes,yes,yes,yes,1,3.0,5,3,5,1.0,8,12.0,10.0,11,medium
109,GP,F,16,U,LE3,T,4,4,health,health,other,mother,,3.0,0, no , yes , no , yes , yes , yes , yes , yes ,5,,5,1,1,4.0,2,15.0,15.0,14,high
110,GP,M,15,U,LE3,A,4,4,teacher,teacher,course,mother,1.0,1.0,0,no,no,no,yes,yes,yes,yes,no,5,5.0,3,1,1,4.0,4,13.0,14.0,14, high 
111,GP,F, 16 ,R,GT3,T,3,3,services,other,reputation,father,1.0,3.0,0,yes,yes,no,yes,yes,yes,yes,no,4,1.0,2,1,1,2.0,4,11.0,11.0,11,medium
112,GP,F,16,U,GT3,T,2,2,at_home,other,home,mother,1.0,2.0,1,yes,no,no,yes,yes,yes,yes,no,3,1.0,2,1,1,,12,8.0,,10,medium
113,GP,M,15,U,LE3,T,4,2,teacher,other,course,mother,,1.0,0,,,,,,,,,3,5.0,2,1,1,3.0,10,18.0,,18,high
114,GP,M,15,R,GT3,T,2,1,health,services,reputation,mother,1.0,2.0,0,no,no,no,yes,yes,yes,yes,yes,5,4.0,2,1,1,5.0,4,10.0,9.0,10,medium
115,GP,M,16,U,GT3,T,4,4,teacher,teacher,course,father,1.0,2.0,0,no,yes,no,yes,yes,yes,yes,no,5,4.0,4,3,4,5.0,18.0,16.0,14.0,14,high
116,GP,M, 15 ,U,GT3,T,4,4,other,teacher,reputation,father,,2.0,0,,,,,,,,,4,4.0,3,1,1,,4,16.0,15.0,16,high
117,GP,M,16,U,GT3,T,3,3,other,services,home,father,2.0,1.0,0,no,no,no,yes,yes,yes,yes,no,5,4.0,2,1,1,5.0,6,14.0,14.0,15,high
118,GP,M,17,R,GT3,T,1,3,other,other,course,father,,2.0,1,no,yes,no,yes,yes,yes,yes,no,5,2.0,4,1,4,5.0,14,12.0,,11,medium
119,GP,M, 15 ,U,GT3,T,3,4,other,other,reputation,father,1.0,1.0,0,no,no,no,no,yes,yes,yes,no,3,4.0,3,1,2,4.0,2,14.0,13.0,14, high 
120,GP,F,15,U,GT3,T,1,2,at_home,services,course,mother,1.0,2.0,0,no,no,no,no,no,yes,yes,no,3,2.0,3,1,2,1.0,0,14.0,14.0,14,high
121,GP,M,15,U,GT3,T,2,2,services,services,home,father,1.0,4.0,0,no,yes,no,yes,yes,yes,yes,no,5,5.0,4,1,2,5.0,6,14.0,13.0,13,MEDIUM
122,GP,F,16,U,LE3,T,2,4,other,health,course,father,2.0,,0,no,yes,no,yes,yes,yes,yes,yes,4,2.0,2,1,2,5.0,2,14.0,12.0,13,medium
123,GP,M,16,U,GT3,T,4,4,health,other,course,mother,1.0,1.0,0,no,yes,no,yes,yes,yes,yes,no,3,4.0,4,1,4,5.0,4,12.0,13.0,13,medium
124,GP,F,16,U,GT3,T,2,2,other,other,home,mother,1.0,,0,no,no,no,no,yes,yes,yes,yes,5,4.0,4,1,1,5.0,0,,11.0,11,medium
125,GP,M,15,U,GT3,T,3,4,services,services,home,father,,1.0,0,yes,no,no,no,yes,yes,yes,no,5,5.0,5,3,2,5.0,2,9.0,9.0,9,low
126,GP,F,15,U,LE3,A,3,4,other,other,home,mother,1.0,2.0,0,yes,no,no,yes,yes,yes,yes,yes,5,3.0,2,1,1,1.0,0,10.0,11.0,11,medium
127,GP,F,19,U,GT3,T,0,1,at_home,other,course,other,1.0,2.0,2,no,yes,no,no,no,no,no,no,3,4.0,2,1,1,5.0,0,,10.0,11,medium
128,GP,M,16,R,GT3,T,4,4,teacher,teacher,course,mother,1.0,1.0,0,no,no,no,yes,yes,yes,yes,no,3,,5,2,5,4.0,8,14.0,14.0,15,high
129,GP,M,16,U,GT3,T,2,3,other,other,course,mother,2.0,3.0,0, no , yes , no , no , no , yes , yes , yes ,3,,3,2,2,1.0,4,13.0,12.0,13,MEDIUM
130,GP,F,15,R,GT3,T,3,4,services,teacher,course,father,2.0,3.0,0,no,yes,no,no,yes,yes,yes,yes,4,2.0,2,2,2,5.0,0,10.0,11.0,12,medium
131,GP,F,18,U,GT3,T,2,1,services,other,reputation,mother,1.0,2.0,3,NO,YES,NO,YES,YES,NO,YES,YES,5,4.0,5,1,3,5.0,10,10.0,,8,low
132,GP,F, 17 ,U,LE3,A,2,1,other,other,course,mother,3.0,1.0,0,no,yes,no,no,yes,yes,yes,no,3,2.0,2,3,4,,24.0,,10.0, 11 ,medium
133,GP,F,15,U,GT3,T,1,1,at_home,other,course,mother,3.0,1.0,0,no,yes,no,yes,no,yes,yes,yes,4,3.0,3,1,2,4.0,6,11.0,12.0,13,medium
134,GP,F, 17 ,U,LE3,T,2,2,other,other,course,father,1.0,1.0,0,no,yes,no,no,yes,yes,yes,yes,3,,4,1,3,5.0,2,13.0,12.0,12,medium
135,GP,F,16,U,GT3,A,3,4,services,other,course,father,1.0,,0, no , no , no , no , yes , yes , yes , no ,3,2.0,1,1,4,5.0,12,15.0,, 14 ,high
136,GP,M,16,U,GT3,T,2,1,at_home,other,course,mother,4.0,1.0,0,no,no,no,no,yes,yes,no,no,3,2.0,1,1,1,2.0,4,9.0,9.0,11,medium
137,GP,F,16,U,GT3,A,2,2,other,other,home,mother,1.0,1.0,1, no , no , no , no , yes , yes , no , no ,5,3.0,4,1,1,5.0,12,13.0,,11,medium
138,GP,M,15,R,GT3,T,3,4,at_home,teacher,course,mother,4.0,2.0,0,no,yes,no,no,yes,yes,no,yes,5,3.0,3,1,1,5.0,2,12.0,11.0,11,medium
139,GP,F,15,U,GT3,T,4,4,services,at_home,course,mother,1.0,,0,no,yes,no,yes,yes,yes,yes,yes,4,3.0,3,1,1,5.0,4,13.0,14.0,15,high
140,GP,M,17,R,GT3,T,3,4,at_home,other,course,mother,3.0,2.0,0,no,no,no,no,yes,yes,no,no,5,4.0,5,4,5,5.0,6.0,10.0,9.0,10,MEDIUM
141,GP,F,16,R,GT3,T,1,1,at_home,other,course,mother,4.0,2.0,0,no,yes,no,no,yes,yes,no,no,5,1.0,3,3,3,3.0,,14.0,13.0,13,medium
142,GP,M,18,U,LE3,T,3,1,services,services,course,mother,2.0,1.0,0,NO,NO,NO,YES,YES,YES,YES,YES,3,3.0,4,4,5,4.0,2,11.0,11.0,12, medium 
143,GP,F,18,U,GT3,A,3,2,other,services,course,other,1.0,3.0,0,no,yes,no,yes,no,yes,yes,yes,4,,3,5,1,5.0,10,12.0,,11,medium
144,GP,F,16,R,GT3,T,1,1,other,services,reputation,mother,,1.0,0, no , yes , no , yes , yes , yes , no , yes ,3,3.0,3,1,2,1.0,8,,11.0,11,medium
145,GP,F,16,U,GT3,A,3,3,other,other,course,other,,1.0,0,no,yes,no,yes,no,yes,yes,yes,4,,2,1,1,5.0,4,9.0,9.0,10,medium
146,GP,M,16,U,LE3,T,1,1,services,other,course,mother,1.0,2.0,2,no,no,no,no,yes,yes,no,yes,4,4.0,4,1,3,5.0,0,10.0,10.0,10,medium
147,GP,F,15,U,GT3,T,4,4,teacher,teacher,course,mother,,1.0,0,no,no,no,yes,yes,yes,yes,no,4,3.0,2,1,1,5.0,6,13.0,14.0, 14 , HIGH 
148,GP,F, 15 ,R,GT3,T,1,1,other,other,course,mother,3.0,1.0,1,no,no,no,yes,yes,yes,yes,yes,5,5.0,5,1,1,1.0,2,8.0,9.0,9,LOW
149,GP,M,15,U,GT3,T,4,3,teacher,services,course,father,2.0,,0, yes , yes , no , no , yes , yes , yes , no ,2,2.0,2,1,1,,6,9.0,11.0,11,medium
150,GP,F,15,U,GT3,A,3,3,services,services,home,mother,1.0,2.0,0,no,no,no,no,no,yes,no,yes,1,3.0,2,2,3,1.0,24,9.0,,9,low
151,GP,M,16,U,GT3,T,4,4,services,services,course,mother,1.0,3.0,0,no,yes,no,yes,yes,yes,yes,no,5,3.0,3,1,3,5.0,0,15.0,13.0,13,medium
152,GP,M,16,U,LE3,T,2,2,services,services,reputation,father,2.0,1.0,0,NO,YES,NO,YES,YES,YES,YES,NO,2,3.0,3,2,2,2.0,4,12.0,11.0,11,medium
153,GP,F,15,U,GT3,T,4,4,teacher,services,course,mother,1.0,3.0,0,no,yes,no,yes,yes,yes,yes,no,4,2.0,2,1,1,5.0,2,13.0,13.0,13,medium
154,GP,F,16,U,LE3,T,1,1,at_home,at_home,course,mother,1.0,1.0,0,no,no,no,no,yes,yes,yes,no,3,4.0,4,3,3,1.0,4,10.0,11.0,11,medium
155,GP,M,17,U,GT3,T,2,1,other,other,home,mother,1.0,1.0,0,no,yes,no,no,yes,yes,yes,no,5,4.0,5,1,2,5.0,22,,, 6 , low 
156,GP,F,15,U,GT3,T,1,1,other,services,course,father,1.0,2.0,0,no,yes,no,no,yes,yes,yes,no,4,4.0,2,1,2,5.0,0,12.0,12.0,12,medium
157,GP,F,15,U,LE3,A,2,1,at_home,other,home,mother,2.0,1.0,0,NO,YES,NO,YES,YES,NO,YES,YES,4,,2,1,1,5.0,0,11.0,10.0,10,medium
158,GP,F,15,U,GT3,T,3,2,health,services,home,father,1.0,2.0,1,no,yes,no,no,yes,yes,yes,no,3,3.0,2,1,1,3.0,?,11.0,11.0, 11 ,medium
159,GP,F,15,U,GT3,T,1,2,at_home,other,course,mother,1.0,2.0,0,no,yes,no,no,no,yes,yes,no,4,3.0,2,1,1,5.0,6,13.0,12.0,13,medium
160,GP,F, 15 ,U,GT3,T,1,2,at_home,services,course,father,1.0,2.0,0,no,no,no,no,no,yes,no,yes,2,3.0,4,2,4,1.0,6,11.0,11.0,11,medium
161,GP,M,16,U,GT3,T,4,4,teacher,teacher,course,mother,,1.0,0,,,,,,,,,3,3.0,2,2,1,5.0,16,9.0,,8,low
162,GP,M,15,U,LE3,A,2,1,services,other,course,mother,,1.0,0,no,no,no,no,yes,yes,yes,no,4,5.0,5,2,5,5.0,0,12.0,11.0,11,medium
163,GP,M,18,U,LE3,T,1,1,other,other,course,mother,1.0,,2,no,no,no,no,yes,no,yes,yes,2,3.0,5,2,5,4.0,0,11.0,9.0,0,low
164,GP,M,16,U,LE3,T,2,1,at_home,other,course,mother,1.0,1.0,1,no,no,no,yes,yes,yes,no,yes,4,4.0,4,3,5,5.0,6,9.0,10.0,10,medium
165,GP,F,15,R,GT3,T,3,3,services,services,reputation,other,2.0,3.0,0, no , yes , yes , yes , yes , yes , yes , yes ,4,2.0,1,2,3,3.0,?,13.0,13.0,13,medium
166,GP,M,19,U,GT3,T,3,2,services,at_home,home,mother,1.0,1.0,0,no,yes,no,no,yes,no,yes,yes,4,5.0,4,1,1,4.0,6,11.0,9.0,11, medium 
167,GP,F,17,U,GT3,T,4,4,other,teacher,course,mother,1.0,1.0,0,,,,,,,,,4,2.0,1,1,1,,0,13.0,13.0,13,medium
168,GP,M,15,R,GT3,T,2,3,at_home,services,course,mother,1.0,2.0,0,yes,no,yes,yes,yes,yes,no,no,4,4.0,4,1,1,1.0,0,7.0,8.0,8,low
169,GP,M,17,R,LE3,T,1,2,other,other,reputation,mother,1.0,1.0,3, NO , NO , NO , NO , YES , YES , NO , NO ,2,2.0,2,3,3,5.0,14,,,10,medium
170,GP,F,18,R,GT3,T,1,1,at_home,other,course,mother,3.0,1.0,3,no,yes,no,yes,no,yes,no,no,5,2.0,5,1,5,,6,11.0,10.0,11,medium
171,GP,M,16,R,GT3,T,2,2,at_home,other,course,mother,,1.0,0, no , no , no , no , no , yes , no , no ,4,2.0,2,1,2,3.0,4,12.0,10.0,11,medium
172,GP,M,16,U,GT3,T,3,3,other,services,course,father,1.0,2.0,1,,,,,,,,,4,5.0,5,4,4,5.0,0,10.0,10.0,1,low
173,GP,M,16,U,LE3,T,1,2,health,services,course,mother,2.0,1.0,2,NO,NO,NO,NO,NO,YES,YES,NO,4,4.0,5,3,5,5.0,0,9.0,8.0,10,medium
174,GP,M,17,R,LE3,T,2,1,at_home,other,course,mother,2.0,1.0,1, no , no , yes , yes , yes , no , yes , yes ,3,3.0,2,2,2,,8,8.0,8.0,9,low
175,GP,M,17,R,GT3,T,3,2,other,other,course,mother,2.0,,2,YES,YES,NO,NO,YES,YES,YES,YES,4,4.0,4,1,4,3.0,4,7.0,6.0,8,LOW
176,GP,M,15,U,LE3,T,1,2,other,other,course,mother,,1.0,0,NO,NO,NO,YES,YES,YES,NO,NO,4,4.0,4,2,4,5.0,?,8.0,9.0,10,medium
177,GP,M,16,U,GT3,T,1,3,at_home,services,course,father,1.0,1.0,1,no,no,no,no,yes,no,yes,no,5,3.0,3,1,4,2.0,2,9.0,8.0,8,low
178,GP,M,17,R,LE3,T,1,1,other,services,course,mother,4.0,2.0,0,no,no,no,yes,yes,no,no,yes,5,3.0,5,1,5,5.0,0,8.0,8.0,8,LOW
179,GP,M,17,U,GT3,T,3,2,services,services,course,mother,2.0,1.0,3,no,yes,no,yes,no,no,no,no,4,5.0,2,1,1,2.0,10,8.0,,8,low
180,GP,M,16,U,GT3,T,2,2,other,other,course,father,1.0,2.0,0,no,no,no,no,yes,no,yes,no,4,3.0,5,2,4,4.0,0,9.0,10.0, 11 ,medium
181,GP,F, 16 ,U,GT3,T,4,2,health,services,home,father,1.0,2.0,0,no,no,no,no,yes,yes,yes,yes,4,2.0,3,1,1,,0,17.0,17.0,18,HIGH
182,GP,F,16,U,GT3,T,2,2,other,other,home,mother,1.0,2.0,0,no,yes,no,no,no,yes,yes,no,5,1.0,5,1,1,,0,12.0,12.0,13,MEDIUM
183,GP,F,16,U,GT3,T,4,4,health,health,reputation,mother,1.0,2.0,0, NO , YES , NO , NO , YES , YES , YES , YES ,4,,2,1,1,3.0,0,16.0,16.0, 17 ,high
184,GP,M,16,U,GT3,T,3,4,other,other,course,father,3.0,1.0,1,no,yes,no,yes,no,yes,yes,no,3,4.0,5,2,4,2.0,4,9.0,9.0,10,medium
185,GP,M, 16 ,U,GT3,T,1,0,other,other,reputation,mother,2.0,2.0,0,no,yes,no,yes,yes,yes,yes,yes,4,3.0,2,1,1,3.0,0,16.0,17.0,18,high
186,GP,M,17,U,LE3,T,4,4,teacher,other,reputation,mother,1.0,2.0,0,no,yes,no,yes,yes,yes,yes,no,4,4.0,4,1,3,5.0,0,11.0,9.0,10,medium
187,GP,F,16,U,GT3,T,1,3,at_home,services,home,mother,1.0,,0,no,no,no,yes,no,yes,yes,yes,4,,5,1,1,3.0,0,14.0,13.0,13,MEDIUM
188,GP,F,16,U,LE3,T,3,3,other,other,reputation,mother,2.0,2.0,0,,,,,,,,,4,4.0,5,1,1,4.0,0,14.0,14.0,15,high
189,GP,M,17,U,LE3,T,4,3,teacher,other,course,mother,2.0,2.0,0,no,no,no,yes,yes,yes,yes,no,4,4.0,4,4,4,4.0,0,10.0,11.0,11,medium
190,GP,F,16,U,GT3,T,2,2,services,other,reputation,mother,2.0,2.0,0,no,no,no,yes,no,yes,yes,no,3,4.0,4,1,4,5.0,0,13.0,12.0,14,high
191,GP,M,17,U,GT3,T,3,3,other,other,reputation,father,,2.0,0, NO , NO , NO , YES , NO , YES , YES , NO ,4,3.0,4,1,4,4.0,4,11.0,9.0,10,MEDIUM
192,GP,M,16,R,GT3,T,4,2,teacher,services,other,mother,1.0,1.0,0,NO,YES,NO,YES,YES,YES,YES,YES,4,,3,3,4,3.0,8,,9.0,11,medium
193,GP,M,17,U,GT3,T,4,3,other,other,course,mother,1.0,2.0,0,no,yes,yes,yes,yes,yes,yes,yes,5,2.0,3,1,1,2.0,4,11.0,11.0, 13 ,medium
194,GP,M,16,U,GT3,T,4,3,teacher,other,home,mother,1.0,2.0,0,no,yes,yes,yes,yes,yes,yes,no,3,4.0,3,2,3,3.0,4,11.0,10.0,11,medium
195,GP,M, 16 ,U,GT3,T,3,3,services,other,home,mother,,2.0,0,no,no,no,yes,yes,yes,yes,yes,4,2.0,3,1,2,3.0,0,11.0,12.0,13,medium
196,GP,F,17,U,GT3,T,2,4,services,services,reputation,father,1.0,2.0,0,no,yes,no,yes,yes,yes,no,no,5,4.0,2,2,3,5.0,0,17.0,18.0,17,high
197,GP,F, 17 ,U,LE3,T,3,3,other,other,reputation,mother,1.0,2.0,0,NO,YES,NO,YES,YES,YES,YES,YES,5,3.0,3,2,3,1.0,32,14.0,,14,HIGH
198,GP,F,16,U,GT3,T,3,2,other,other,reputation,mother,1.0,2.0,0, no , yes , no , no , yes , yes , yes , no ,1,2.0,2,1,2,1.0,8,14.0,15.0,16,high
199,GP,M,17,U,GT3,T,3,3,services,services,other,mother,1.0,2.0,0,no,yes,no,yes,yes,yes,yes,yes,4,3.0,4,2,3,,6,11.0,13.0,14,high
200,GP,M,16,U,GT3,T,1,2,services,services,other,mother,1.0,1.0,0,no,yes,no,yes,yes,yes,yes,yes,3,3.0,3,1,2,3.0,0,10.0,9.0,11,medium
201,GP,M,16,U,LE3,T,2,1,other,other,course,mother,1.0,2.0,0, no , no , no , yes , yes , yes , yes , yes ,4,2.0,3,1,2,5.0,0,13.0,14.0,16,high
202,GP,F,17,U,GT3,A,3,3,health,other,reputation,mother,1.0,2.0,0,no,yes,no,no,no,yes,yes,yes,3,3.0,3,1,3,,10,12.0,,14,high
203,GP,M,17,R,GT3,T,1,2,at_home,other,home,mother,1.0,2.0,0, no , no , no , no , yes , yes , no , no ,3,1.0,3,1,5,3.0,6,9.0,9.0,10,medium
204,GP,F,16,U,GT3,T,2,3,services,services,course,mother,1.0,,0,no,no,no,no,yes,yes,yes,no,4,3.0,3,1,1,,6,12.0,12.0,13,medium
205,GP,F,17,U,GT3,T,1,1,at_home,services,course,mother,1.0,2.0,0,no,no,no,yes,yes,yes,yes,no,5,3.0,3,1,1,3.0,?,12.0,11.0,12,medium
206,GP,M,17,U,GT3,T,1,2,at_home,services,other,other,2.0,2.0,0,no,no,no,yes,no,yes,yes,no,4,4.0,4,4,5,5.0,16,10.0,,12,medium
207,GP,M, 16 ,R,GT3,T,3,3,services,services,reputation,mother,1.0,1.0,0, no , yes , no , yes , yes , yes , yes , no ,4,3.0,2,3,4,5.0,0,11.0,10.0,10,MEDIUM
208,GP,M,16,U,GT3,T,2,3,other,other,home,father,2.0,1.0,0,no,no,no,no,yes,yes,yes,no,5,3.0,3,1,1,3.0,0,13.0,12.0,12,medium
209,GP,F,17,U,LE3,T,2,4,services,services,course,father,1.0,2.0,0,no,no,no,yes,yes,yes,yes,yes,4,3.0,2,1,1,,?,14.0,15.0,16,high
210,GP,M,17,U,GT3,T,4,4,services,teacher,home,mother,1.0,1.0,0,no,no,no,no,yes,yes,yes,no,5,2.0,3,1,2,5.0,4,13.0,13.0,14,high
211,GP,M,16,R,LE3,T,3,3,teacher,other,home,father,3.0,1.0,0,NO,YES,NO,YES,YES,YES,YES,NO,3,3.0,4,3,5,3.0,16,10.0,,12,medium
212,GP,F,17,U,GT3,T,4,4,services,teacher,home,mother,2.0,1.0,1,no,yes,no,no,yes,yes,yes,no,4,2.0,4,2,3,,30,14.0,,16,high
213,GP,F,16,U,LE3,T,4,4,teacher,teacher,reputation,mother,1.0,2.0,0,no,yes,no,no,yes,yes,yes,no,4,5.0,2,1,2,3.0,0,11.0,10.0,11,medium
214,GP,F, 16 ,U,GT3,T,4,3,health,other,home,mother,1.0,2.0,0, no , yes , no , yes , yes , yes , yes , no ,4,3.0,5,1,5,2.0,2,14.0,14.0,15,high
215,GP,F,16,U,GT3,T,2,3,other,other,reputation,mother,1.0,2.0,0,yes,yes,no,yes,yes,yes,no,no,4,4.0,3,1,3,4.0,4,11.0,12.0, 12 ,medium
216,GP,F,17,U,GT3,T,1,1,other,other,course,mother,1.0,2.0,0,no,yes,no,no,no,yes,no,no,4,4.0,4,1,3,1.0,0,14.0,15.0,15,high
217,GP,F,17,R,GT3,T,2,2,other,other,reputation,mother,1.0,1.0,0,NO,YES,NO,NO,YES,YES,YES,NO,5,3.0,2,1,2,3.0,21,13.0,,13,medium
218,GP,F,16,R,GT3,T,2,2,services,services,reputation,mother,2.0,4.0,0,no,yes,no,yes,no,yes,yes,no,5,3.0,5,1,1,5.0,6,13.0,13.0,13,medium
219,GP,F,17,U,GT3,T,3,4,at_home,services,home,mother,,3.0,1,no,yes,yes,no,yes,yes,yes,yes,4,4.0,3,3,4,5.0,14,8.0,,8,LOW
220,GP,F,16,U,GT3,A,3,1,services,other,course,mother,1.0,2.0,0,no,yes,no,no,yes,yes,yes,no,2,3.0,3,2,2,4.0,2,11.0,11.0, 12 ,medium
221,GP,F,16,U,GT3,T,4,3,teacher,other,other,mother,1.0,2.0,0,no,no,no,yes,yes,yes,yes,yes,1,3.0,2,3,3,1.0,12.0,14.0,15.0,15,HIGH
222,GP,F,16,U,GT3,T,1,1,at_home,other,home,mother,,1.0,0,no,yes,no,no,yes,yes,no,no,4,3.0,2,1,4,5.0,2,12.0,13.0,13,medium
223,GP,F,17,R,GT3,T,4,3,teacher,other,reputation,mother,2.0,3.0,0,NO,YES,NO,YES,YES,YES,YES,YES,4,4.0,2,1,1,4.0,0,11.0,12.0,12, medium 
224,GP,F, 19 ,U,GT3,T,3,3,other,other,reputation,other,1.0,4.0,0,no,yes,no,yes,yes,yes,yes,no,4,3.0,3,1,2,3.0,4,12.0,12.0, 12 , medium 
225,GP,M,17,U,LE3,T,4,4,services,other,home,mother,1.0,2.0,0,no,yes,no,no,yes,yes,yes,yes,5,3.0,5,4,5,3.0,15,13.0,,12,medium
226,GP,F,16,U,GT3,A,2,2,other,other,reputation,mother,1.0,,0,yes,yes,no,no,yes,yes,yes,no,3,3.0,4,1,1,4.0,0,13.0,13.0, 13 ,medium
227,GP,M,18,U,GT3,T,2,2,services,other,home,mother,1.0,2.0,0,no,yes,no,yes,yes,yes,yes,no,4,4.0,4,2,4,5.0,10,12.0,,11,medium
228,GP,F,17,R,LE3,T,4,4,services,other,other,mother,1.0,1.0,0,no,yes,no,no,yes,yes,no,no,5,2.0,1,1,2,3.0,6,12.0,11.0,11,medium
229,GP,F,17,U,LE3,T,3,2,other,other,reputation,mother,2.0,2.0,0,no,no,no,no,yes,yes,yes,no,4,4.0,4,1,3,1.0,2,14.0,16.0,15,high
230,GP,F,17,U,GT3,T,4,3,other,other,reputation,mother,1.0,2.0,0, no , no , no , no , yes , yes , yes , yes ,3,4.0,5,2,4,1.0,16,,,10,medium
231,GP,M,18,U,LE3,T,3,3,services,health,home,father,1.0,2.0,0,no,yes,no,no,yes,yes,yes,no,3,2.0,4,2,4,4.0,10,10.0,,10,medium
232,GP,F,17,U,GT3,T,2,3,at_home,other,home,father,2.0,1.0,0,no,yes,no,no,yes,yes,no,no,3,3.0,3,1,4,3.0,4,12.0,13.0,13,medium
233,GP,F,17,U,GT3,T,2,2,at_home,at_home,course,mother,1.0,3.0,0,no,yes,no,yes,yes,yes,yes,no,4,3.0,3,1,1,4.0,0,12.0,12.0,13,medium
234,GP,F,17,R,GT3,T,2,1,at_home,services,reputation,mother,2.0,2.0,0,no,yes,no,yes,yes,yes,yes,no,4,2.0,5,1,2,5.0,0,11.0,10.0,11,medium
235,GP,F,17,U,GT3,T,1,1,at_home,other,reputation,mother,1.0,3.0,0,no,yes,no,yes,yes,yes,no,yes,4,3.0,4,3,3,5.0,36.0,12.0,,12,medium
236,GP,F, 16 ,U,GT3,T,2,3,services,teacher,other,mother,1.0,2.0,0,YES,NO,NO,NO,YES,YES,YES,NO,2,,1,1,1,3.0,0,13.0,13.0,14,high
237,GP,M,18,U,GT3,T,2,2,other,other,home,mother,2.0,2.0,3,NO,YES,YES,NO,YES,YES,YES,NO,3,3.0,3,5,5,4.0,9,,,10,medium
238,GP,F,16,U,GT3,T,4,4,teacher,services,home,mother,1.0,,0,no,yes,no,yes,no,yes,yes,no,5,3.0,2,1,1,5.0,4,15.0,16.0,16,high
239,GP,F,18,R,GT3,T,3,1,other,other,reputation,mother,1.0,2.0,0,no,no,no,yes,yes,yes,yes,yes,5,3.0,3,1,1,4.0,4,8.0,8.0,8,low
240,GP,F,17,U,GT3,T,3,2,other,other,course,mother,1.0,2.0,0,no,no,no,yes,no,yes,yes,no,5,3.0,4,1,3,3.0,2,17.0,18.0,17,high
241,GP,M, 17 ,U,LE3,T,2,3,services,services,reputation,father,1.0,2.0,0,no,yes,no,no,no,yes,yes,no,5,3.0,3,1,3,3.0,0,10.0,11.0,11,medium
242,GP,M, 18 ,U,LE3,T,2,1,at_home,other,course,mother,4.0,2.0,0,yes,yes,no,yes,yes,yes,yes,yes,4,3.0,2,4,5,3.0,2,9.0,10.0,11,medium
243,GP,F,17,U,GT3,A,2,1,other,other,course,mother,2.0,3.0,0,no,no,no,yes,yes,yes,yes,yes,3,2.0,3,1,2,3.0,0,15.0,15.0,16,high
244,GP,F,17,U,LE3,T,4,3,health,other,reputation,father,,2.0,0,no,no,no,yes,yes,yes,yes,yes,3,2.0,3,1,2,3.0,0,14.0,12.0,12,medium
245,GP,M,17,R,GT3,T,2,2,other,other,course,father,2.0,2.0,0,NO,YES,NO,YES,YES,YES,YES,NO,4,5.0,2,3,3,1.0,0.0,12.0,13.0,13,medium
246,GP,M,17,U,GT3,T,4,4,teacher,teacher,reputation,mother,1.0,2.0,0,yes,yes,no,yes,yes,yes,yes,yes,4,5.0,5,1,3,,0,,13.0, 13 ,medium
247,GP,M, 16 ,U,GT3,T,4,4,health,other,reputation,father,1.0,2.0,0,no,yes,no,yes,yes,yes,yes,no,4,2.0,4,2,4,1.0,0,13.0,13.0,14,high
248,GP,M,16,U,LE3,T,1,1,other,other,home,mother,2.0,2.0,0,no,yes,no,no,yes,yes,yes,no,3,4.0,2,1,1,5.0,?,9.0,9.0,9,low
249,GP,M,16,U,GT3,T,3,2,at_home,other,reputation,mother,2.0,3.0,0,no,no,no,yes,yes,yes,yes,yes,5,3.0,3,3,5,,,12.0,12.0,12,medium
250,GP,M,17,U,LE3,T,2,2,other,other,home,father,1.0,2.0,0,,,,,,,,,4,4.0,2,5,5,4.0,0,16.0,16.0,16,high
251,GP,F,16,U,GT3,T,2,1,other,other,home,mother,1.0,1.0,0,no,no,no,no,yes,yes,yes,yes,4,5.0,2,1,1,5.0,4,9.0,10.0, 10 ,medium
252,GP,F,16,U,GT3,A,4,1,other,other,home,mother,1.0,2.0,0,no,no,no,yes,yes,yes,yes,yes,5,3.0,3,1,2,5.0,0,14.0,13.0,13,medium
253,GP,F,18,U,LE3,A,2,4,services,other,course,mother,,2.0,1, no , yes , no , no , yes , yes , yes , no ,4,3.0,3,1,1,3.0,18,10.0,,10,medium
254,GP,F,18,U,LE3,T,2,2,at_home,services,course,mother,1.0,2.0,1,no,yes,no,no,no,yes,yes,yes,5,3.0,1,1,1,5.0,16,9.0,,10,medium
255,GP,F,18,U,GT3,T,3,3,other,other,course,mother,2.0,1.0,1,no,no,no,no,yes,no,yes,no,4,1.0,1,1,1,3.0,14,8.0,,7,low
256,GP,M,18,U,GT3,T,2,2,other,at_home,course,other,1.0,1.0,1,no,yes,no,yes,no,no,yes,yes,4,4.0,3,2,2,1.0,26,7.0,,8,low
257,GP,M,17,U,GT3,T,4,4,teacher,teacher,course,mother,1.0,1.0,0,NO,YES,NO,YES,NO,YES,YES,NO,4,2.0,1,1,2,5.0,6,10.0,8.0, 9 ,LOW
258,GP,F,17,U,GT3,T,3,2,other,other,course,father,1.0,,0,no,no,no,yes,yes,yes,no,no,5,4.0,2,1,1,3.0,4,14.0,14.0,15,HIGH
259,GP,F, 17 ,U,LE3,T,1,1,at_home,at_home,course,mother,1.0,3.0,0,no,yes,no,yes,yes,yes,yes,yes,4,3.0,2,1,2,4.0,10,11.0,, 10 ,medium
260,GP,F,16,U,GT3,T,1,2,other,other,course,mother,1.0,1.0,0,NO,NO,NO,NO,YES,NO,YES,NO,5,3.0,5,1,2,5.0,4,12.0,11.0,11,MEDIUM
261,GP,F,17,R,GT3,T,2,1,at_home,services,course,mother,3.0,2.0,0,no,no,no,yes,yes,yes,no,no,2,1.0,1,1,1,3.0,2,13.0,13.0,13,MEDIUM
262,GP,F, 17 ,R,LE3,A,1,4,other,other,course,other,4.0,1.0,1,no,yes,no,no,yes,yes,yes,no,5,5.0,4,1,1,5.0,14,9.0,,8,low
263,GP,M,18,U,GT3,T,2,2,other,services,reputation,father,1.0,2.0,0,no,no,no,no,yes,no,yes,no,5,5.0,4,3,5,2.0,16,8.0,,8,low
264,GP,F,17,U,LE3,A,2,2,other,other,home,mother,1.0,1.0,1,no,yes,no,no,no,no,yes,no,3,1.0,2,1,1,1.0,8,11.0,9.0,10,medium
265,GP,F,17,R,LE3,T,1,1,at_home,other,course,mother,2.0,3.0,0,no,no,no,yes,yes,yes,yes,no,4,3.0,3,1,3,5.0,4,15.0,14.0,15,high
266,GP,F,17,U,LE3,A,4,2,teacher,other,course,mother,1.0,2.0,0,no,yes,no,yes,yes,yes,no,no,4,3.0,2,1,1,4.0,4,15.0,14.0,14,HIGH
267,GP,M,17,U,LE3,T,4,3,health,other,course,mother,,2.0,0,no,no,no,yes,yes,yes,yes,yes,2,5.0,5,1,4,5.0,8,15.0,15.0,15,HIGH
268,GP,M,17,R,LE3,A,4,4,teacher,other,course,mother,2.0,2.0,0,no,yes,no,no,yes,yes,yes,no,3,,3,2,3,,0,12.0,12.0,12,medium
269,GP,M,16,U,LE3,T,4,3,teacher,other,course,mother,1.0,,0,no,no,no,yes,no,yes,yes,no,5,,5,1,1,3.0,7,14.0,14.0, 15 ,HIGH
270,GP,M,16,U,GT3,T,4,4,services,services,course,mother,1.0,,0,no,no,yes,yes,yes,yes,yes,no,5,3.0,2,1,2,5.0,4,,15.0,15,HIGH
271,GP,F,17,U,GT3,T,4,4,teacher,services,course,mother,,2.0,0,no,yes,yes,no,yes,yes,yes,yes,5,3.0,1,1,4,5.0,2,11.0,11.0,12,medium
272,GP,M,17,R,GT3,T,1,1,other,other,home,father,2.0,,0, NO , NO , NO , NO , NO , YES , YES , YES ,4,3.0,3,1,1,1.0,2,13.0,14.0,15,HIGH
273,GP,F, 17 ,U,GT3,T,3,3,services,other,home,mother,2.0,3.0,0,NO,YES,NO,NO,YES,YES,YES,YES,4,2.0,2,2,3,5.0,10,11.0,,11,medium
274,GP,F,17,U,GT3,T,1,1,at_home,other,course,mother,1.0,2.0,0,yes,no,no,no,no,yes,no,yes,4,3.0,2,1,1,4.0,10,10.0,,10,medium
275,GP,F,18,U,GT3,T,2,1,other,other,course,other,2.0,3.0,0,,,,,,,,,4,4.0,4,1,1,3.0,?,12.0,,11,medium
276,GP,M,16,U,GT3,T,2,1,other,other,course,mother,3.0,1.0,0,no,no,no,no,yes,yes,yes,no,4,3.0,3,1,1,4.0,7,15.0,16.0,16, high 
277,GP,F,17,U,GT3,T,1,1,other,services,course,father,1.0,2.0,0, no , yes , no , no , yes , yes , no , no ,4,3.0,4,1,2,5.0,4,11.0,10.0,11,medium
278,GP,M,17,U,GT3,T,2,3,other,other,course,father,2.0,1.0,0,no,no,no,no,yes,yes,yes,no,5,2.0,2,1,1,2.0,2,9.0,12.0,13,medium
279,GP,M,22,U,GT3,T,3,1,services,services,other,mother,1.0,1.0,3,NO,NO,NO,NO,NO,NO,YES,YES,5,4.0,5,5,5,1.0,12,7.0,,5,low
280,GP,M,18,R,LE3,T,3,3,other,services,course,mother,1.0,,0,NO,YES,NO,NO,YES,YES,YES,YES,4,3.0,3,1,3,,8,10.0,9.0,10,medium
281,GP,M,16,U,GT3,T,0,2,other,other,other,mother,1.0,1.0,0,no,no,no,no,no,yes,yes,no,4,3.0,2,2,4,,0,11.0,12.0,11,medium
282,GP,M,18,U,GT3,T,3,2,services,other,course,mother,2.0,1.0,0,no,no,no,no,yes,no,yes,no,4,4.0,5,2,4,5.0,8,7.0,8.0,7,low
283,GP,M,16,U,GT3,T,3,3,at_home,other,reputation,other,3.0,2.0,1,,,,,,,,,5,3.0,3,1,3,2.0,4,9.0,11.0,10,MEDIUM
284,GP,M,18,U,GT3,T,2,1,services,services,other,mother,1.0,1.0,2,no,no,no,no,no,no,yes,no,3,2.0,5,2,5,5.0,4,7.0,8.0,6,LOW
285,GP,M, 16 ,R,GT3,T,2,1,other,other,course,mother,2.0,1.0,0,no,no,no,yes,no,yes,no,no,3,3.0,2,1,3,,2,14.0,13.0,12,MEDIUM
286,GP,M,17,R,GT3,T,2,1,other,other,course,mother,1.0,,0,no,no,no,no,no,yes,yes,no,4,4.0,2,2,4,5.0,0,12.0,12.0,13,medium
287,GP,M,17,U,LE3,T,1,1,health,other,course,mother,2.0,1.0,1,no,yes,no,yes,yes,yes,yes,no,4,4.0,4,1,2,5.0,0,9.0,10.0,10,medium
288,GP,F,18,U,LE3,A,2,1,other,other,course,mother,1.0,2.0,0,no,yes,no,no,no,yes,yes,yes,4,3.0,4,1,3,5.0,2,,12.0,13,medium
289,GP,F, 17 ,U,LE3,T,4,2,teacher,services,reputation,mother,1.0,4.0,0,no,yes,no,yes,yes,yes,yes,no,4,2.0,3,1,1,4.0,2,14.0,15.0,17,high
290,GP,F,19,U,GT3,T,2,2,services,services,home,mother,1.0,2.0,0,no,yes,no,no,yes,yes,yes,no,4,3.0,3,1,1,5.0,0,10.0,10.0,11,MEDIUM
291,GP,M,18,U,LE3,T,2,1,services,other,course,mother,3.0,,1,no,no,no,yes,no,no,yes,no,4,4.0,5,4,4,5.0,4,11.0,10.0,11,medium
292,GP,F,17,R,GT3,T,4,2,other,other,course,mother,1.0,3.0,0,NO,YES,NO,YES,YES,YES,YES,NO,4,3.0,4,1,3,5.0,2,11.0,12.0,14,high
293,GP,F,18,U,LE3,T,1,1,other,at_home,home,mother,1.0,,0, NO , YES , NO , NO , NO , YES , NO , NO ,4,,3,2,3,3.0,4,11.0,12.0,14,HIGH
294,GP,F,18,R,GT3,T,2,2,other,other,home,mother,1.0,2.0,0,yes,no,no,no,yes,yes,no,no,3,2.0,3,1,1,,?,11.0,11.0,13,medium
295,GP,M,19,U,LE3,A,4,3,services,at_home,reputation,mother,1.0,2.0,0,no,yes,no,no,yes,yes,yes,no,4,3.0,1,1,1,1.0,4,11.0,13.0,14,high
296,GP,M,18,U,GT3,T,2,1,other,other,home,mother,1.0,2.0,0,no,no,no,yes,yes,yes,yes,no,5,2.0,4,1,2,4.0,2,16.0,16.0,16, high 
297,GP,M,17,R,GT3,T,2,2,other,services,other,mother,2.0,1.0,0,no,no,no,no,no,no,no,no,5,2.0,2,1,1,4.0,0,9.0,10.0,10,medium
298,GP,F,17,U,LE3,T,2,2,services,services,course,father,1.0,4.0,0, no , no , no , yes , yes , yes , yes , yes ,3,4.0,1,1,1,2.0,2,10.0,11.0,12,medium
299,GP,F,20,R,GT3,T,2,1,other,other,course,other,2.0,2.0,0,NO,YES,YES,YES,YES,NO,YES,YES,1,2.0,3,1,2,2.0,8,10.0,12.0,12,MEDIUM
300,GP,F,18,U,GT3,T,4,3,services,other,home,father,1.0,2.0,0,no,yes,no,no,yes,yes,yes,yes,3,1.0,2,1,3,2.0,2,15.0,15.0,15,high
301,GP,M,18,U,GT3,T,4,3,teacher,other,course,mother,1.0,2.0,0,no,yes,no,no,no,yes,yes,no,4,3.0,2,1,1,3.0,2,10.0,10.0,11,medium
302,GP,M,18,R,GT3,T,3,2,other,other,course,mother,1.0,3.0,0,no,no,no,yes,no,yes,no,no,5,3.0,2,1,1,3.0,2,10.0,11.0,12,medium
303,GP,F,17,U,GT3,T,3,3,other,other,home,mother,1.0,3.0,0,NO,NO,NO,YES,NO,YES,NO,NO,3,2.0,3,1,1,4.0,2,15.0,12.0,13,medium
304,GP,F,18,U,GT3,T,2,2,at_home,services,home,mother,1.0,3.0,0,no,yes,no,yes,yes,yes,yes,yes,4,3.0,3,1,1,3.0,0,11.0,12.0,13,medium
305,GP,M, 17 ,U,GT3,T,2,2,other,other,home,father,2.0,1.0,0,no,no,no,no,yes,no,yes,no,4,4.0,4,2,3,4.0,8,8.0,8.0,9,LOW
306,GP,M, 18 ,R,LE3,A,3,4,other,other,reputation,mother,2.0,2.0,0,no,yes,no,yes,yes,yes,yes,no,4,2.0,5,3,4,1.0,6,15.0,16.0,16,high
307,GP,M,17,U,GT3,T,3,1,services,other,other,mother,1.0,2.0,0, NO , NO , NO , YES , YES , YES , YES , YES ,5,4.0,4,3,4,5.0,0,11.0,11.0, 14 ,HIGH
308,GP,F,18,R,GT3,T,4,4,teacher,other,reputation,mother,2.0,2.0,0,,,,,,,,,4,3.0,4,2,2,4.0,8,10.0,11.0,12,medium
309,GP,M,18,U,GT3,T,4,2,health,other,reputation,father,1.0,2.0,0, no , yes , no , yes , yes , yes , yes , yes ,5,4.0,5,1,3,5.0,4,10.0,12.0, 14 ,high
310,GP,F,18,R,GT3,T,2,1,other,other,reputation,mother,2.0,2.0,0,no,yes,no,no,yes,no,yes,yes,4,3.0,5,1,2,3.0,12,8.0,,10,medium
311,GP,F,19,U,GT3,T,3,3,other,services,home,other,1.0,2.0,0,no,yes,no,yes,yes,yes,yes,no,4,3.0,5,3,3,,16,11.0,,12,medium
312,GP,F, 18 ,U,GT3,T,2,3,other,services,reputation,father,1.0,4.0,0,no,yes,no,yes,yes,yes,yes,yes,4,5.0,5,1,3,2.0,10,16.0,,16,high
313,GP,F,18,U,LE3,T,1,1,other,other,home,mother,2.0,2.0,0,no,yes,no,no,no,yes,no,no,4,4.0,3,1,1,3.0,2,13.0,13.0,13,medium
314,GP,M, 17 ,R,GT3,T,1,2,at_home,at_home,home,mother,1.0,2.0,0,no,yes,no,yes,no,yes,no,yes,3,5.0,2,2,2,1.0,2,16.0,17.0,18,high
315,GP,F,18,U,GT3,T,2,1,other,other,home,mother,1.0,2.0,0,no,yes,no,no,yes,yes,yes,yes,4,2.0,5,1,2,1.0,8,14.0,14.0,15,high
316,GP,F,17,U,GT3,T,2,4,at_home,health,reputation,mother,2.0,2.0,0, no , yes , no , no , yes , yes , yes , yes ,4,3.0,3,1,1,,6,15.0,16.0, 16 ,high
317,GP,F,17,U,LE3,T,2,2,services,other,course,mother,2.0,2.0,0,yes,yes,no,no,yes,yes,yes,yes,4,4.0,4,2,3,5.0,6,12.0,12.0,12,medium
318,GP,F,18,R,GT3,A,3,2,other,services,home,mother,2.0,2.0,0,no,no,no,no,no,no,yes,yes,4,,1,1,1,5.0,15,12.0,,10,medium
319,GP,M,18,U,GT3,T,4,4,teacher,services,home,mother,2.0,1.0,0,no,no,no,yes,yes,yes,yes,no,3,2.0,4,1,4,3.0,6,11.0,12.0,12,medium
320,GP,F,18,U,GT3,T,4,4,health,health,reputation,father,1.0,2.0,1, yes , yes , no , yes , yes , yes , yes , yes ,2,4.0,4,3,3,4.0,6.0,14.0,12.0,13,MEDIUM
321,GP,F,17,U,GT3,T,2,2,other,services,reputation,father,3.0,3.0,0,no,yes,no,no,yes,yes,yes,yes,4,,3,1,1,1.0,?,13.0,15.0,15,high
322,GP,F,19,R,GT3,T,3,2,services,services,reputation,father,,2.0,1,yes,yes,no,no,yes,no,yes,no,3,3.0,3,4,3,3.0,0,9.0,8.0,10,medium
323,GP,M,18,U,LE3,T,4,3,teacher,services,course,mother,2.0,1.0,0,no,no,no,yes,yes,yes,yes,no,4,2.0,3,1,2,1.0,0,10.0,10.0,10,medium
324,GP,M,18,U,GT3,T,1,2,at_home,other,home,other,2.0,1.0,0,no,no,no,no,no,no,yes,no,3,4.0,4,2,4,4.0,10,10.0,,11,medium
325,GP,M,17,U,LE3,A,4,1,services,other,home,mother,2.0,1.0,0, no , no , no , yes , yes , yes , yes , yes ,4,,4,2,4,5.0,22,11.0,,10,medium
326,GP,M,17,U,LE3,A,3,2,teacher,services,home,mother,1.0,1.0,0,NO,NO,NO,NO,YES,YES,YES,NO,4,4.0,4,3,4,3.0,18,13.0,,13,medium
327,GP,F,18,R,LE3,T,1,1,at_home,other,reputation,mother,2.0,4.0,0,no,yes,no,yes,yes,yes,no,no,5,2.0,2,1,1,3.0,2,17.0,17.0,18,high
328,GP,F,18,U,GT3,T,1,1,other,other,home,mother,2.0,2.0,0,yes,no,no,yes,yes,yes,yes,no,5,4.0,4,1,1,,0,12.0,13.0,13,medium
329,GP,F,17,U,GT3,T,2,2,other,other,course,mother,1.0,2.0,0,NO,YES,NO,NO,NO,YES,YES,NO,5,4.0,5,1,2,5.0,12,12.0,,14,high
330,GP,F,18,U,GT3,T,2,1,other,other,reputation,mother,2.0,2.0,0,,,,,,,,,4,3.0,1,1,1,5.0,10,12.0,,14,high
331,GP,M,17,U,GT3,T,1,1,other,other,reputation,father,1.0,2.0,0,no,no,no,no,no,yes,yes,no,4,3.0,3,1,2,4.0,0,12.0,12.0,12,medium
332,GP,F,18,U,GT3,T,2,2,at_home,at_home,other,mother,1.0,3.0,0,no,yes,no,no,yes,yes,yes,no,4,3.0,3,1,2,2.0,0,18.0,18.0,18,high
333,GP,F,17,U,GT3,T,1,1,services,teacher,reputation,mother,1.0,3.0,0,no,yes,no,no,yes,yes,yes,no,4,3.0,3,1,1,3.0,0,13.0,13.0, 14 ,high
334,GP,M,18,U,GT3,T,2,1,services,services,reputation,mother,1.0,3.0,0,no,no,no,yes,yes,yes,yes,no,4,2.0,4,1,3,2.0,0,14.0,15.0,15,HIGH
335,GP,M,18,U,LE3,A,4,4,teacher,teacher,reputation,mother,1.0,2.0,0,no,yes,no,yes,yes,yes,yes,no,5,4.0,3,3,3,2.0,0.0,17.0,17.0, 17 ,high
336,GP,M,18,U,GT3,T,4,2,teacher,other,home,mother,1.0,,0,NO,YES,NO,YES,YES,YES,YES,YES,4,3.0,2,1,4,5.0,2,15.0,16.0,16, high 
337,GP,F, 17 ,U,GT3,T,4,3,health,services,reputation,mother,1.0,3.0,0,no,yes,no,no,yes,yes,yes,no,4,2.0,2,1,2,3.0,0,17.0,18.0,18,HIGH
338,GP,F,17,R,LE3,T,3,1,services,other,reputation,mother,,,0,no,yes,no,no,yes,yes,no,no,3,1.0,2,1,1,,0,18.0,19.0, 19 ,high
339,GP,M, 18 ,R,LE3,T,3,2,services,other,reputation,mother,2.0,3.0,0,no,yes,no,yes,yes,yes,yes,no,5,4.0,2,1,1,4.0,0,14.0,15.0,15,high
340,GP,M, 17 ,U,GT3,T,3,3,health,other,home,mother,1.0,1.0,0,no,yes,no,no,yes,yes,yes,no,4,4.0,3,1,3,5.0,0,14.0,15.0, 15 ,high
341,GP,F,19,U,GT3,T,4,4,health,other,reputation,other,2.0,2.0,0,no,yes,no,yes,yes,yes,yes,no,2,3.0,4,2,3,2.0,2,14.0,13.0, 13 ,medium
342,GP,F,18,U,LE3,T,4,3,other,other,home,other,2.0,2.0,0,no,yes,no,no,yes,yes,yes,yes,4,4.0,5,1,2,2.0,0,13.0,14.0,14,high
343,GP,F,18,U,GT3,T,4,3,other,other,reputation,father,1.0,4.0,0,,,,,,,,,4,,3,3,3,3.0,0.0,16.0,17.0,17,high
344,GP,M,18,U,LE3,T,4,4,teacher,teacher,home,mother,1.0,1.0,0,no,yes,no,no,yes,yes,yes,yes,1,4.0,2,2,2,1.0,?,18.0,18.0, 17 ,high
345,GP,F, 18 ,U,LE3,A,4,4,health,other,home,mother,1.0,2.0,0,NO,YES,YES,NO,YES,YES,YES,YES,4,2.0,4,1,1,4.0,0,14.0,15.0,15,high
346,GP,M,17,U,LE3,T,4,4,other,teacher,home,father,2.0,1.0,0,,,,,,,,,4,1.0,1,2,2,5.0,0,12.0,13.0, 13 ,medium
347,GP,F, 17 ,R,GT3,T,4,4,services,services,reputation,mother,2.0,3.0,0,no,yes,no,yes,yes,yes,yes,no,5,3.0,4,1,1,5.0,0,7.0,7.0,8,LOW
348,GP,F,17,U,GT3,T,4,2,other,other,reputation,mother,,3.0,0,no,yes,no,no,yes,yes,yes,no,4,3.0,3,1,1,,0,16.0,16.0,16,high
349,GP,F,17,U,GT3,T,3,2,health,health,reputation,father,1.0,,0, no , yes , no , yes , no , yes , yes , no ,5,2.0,2,1,2,5.0,0,18.0,18.0,18,high
350,GP,M,19,R,LE3,T,2,1,at_home,services,course,mother,2.0,3.0,1,no,no,no,yes,yes,yes,yes,yes,4,3.0,1,1,1,,0,9.0,10.0,11,medium
351,GP,M,20,U,GT3,A,3,2,services,other,course,other,,1.0,2,no,no,no,yes,yes,yes,no,no,5,5.0,3,1,1,,0,,15.0,15,high
352,GP,M, 19 ,R,GT3,T,3,3,other,services,reputation,father,1.0,2.0,0,no,no,no,yes,yes,yes,no,yes,4,5.0,3,1,2,5.0,0,10.0,10.0, 11 ,MEDIUM
353,GP,F,18,U,GT3,T,1,4,other,teacher,home,mother,1.0,2.0,0, yes , yes , no , no , no , yes , no , yes ,3,4.0,4,1,2,5.0,2,10.0,10.0,11,medium
354,GP,F,18,U,GT3,T,2,1,services,other,course,mother,2.0,2.0,0,NO,YES,NO,YES,YES,YES,YES,NO,5,3.0,3,1,2,1.0,2,12.0,12.0,15,high
355,GP,F,17,U,GT3,T,2,3,other,other,course,father,2.0,2.0,0,no,no,no,yes,yes,yes,yes,yes,4,2.0,1,3,3,3.0,6.0,11.0,12.0,14,high
356,GP,F,17,R,GT3,T,4,4,teacher,teacher,course,mother,1.0,1.0,0,no,no,no,yes,yes,yes,yes,no,4,4.0,4,1,1,5.0,2,15.0,16.0,17,high
357,GP,F,18,U,GT3,T,4,3,other,other,course,mother,1.0,3.0,0,no,yes,no,yes,yes,yes,yes,yes,4,3.0,4,1,1,5.0,2,,15.0,17,high
358,GP,F,18,U,LE3,T,4,3,health,services,course,mother,2.0,1.0,0,,,,,,,,,3,2.0,4,1,4,1.0,8,,12.0,15,HIGH
359,GP,F, 17 ,R,GT3,T,3,4,at_home,services,course,father,1.0,3.0,0,no,yes,no,yes,no,yes,yes,no,4,3.0,4,2,5,5.0,2,15.0,15.0,17,HIGH
360,GP,F,18,U,GT3,T,3,3,at_home,other,course,father,1.0,2.0,0,no,yes,no,no,yes,yes,yes,no,4,1.0,4,1,1,3.0,8,11.0,12.0,14,high
361,GP,M, 19 ,U,GT3,T,4,2,health,other,course,mother,2.0,2.0,0,no,yes,no,yes,yes,yes,yes,yes,5,,4,1,1,1.0,9,,,10,medium
362,GP,F,18,U,GT3,T,4,4,teacher,other,course,mother,1.0,2.0,0,no,yes,no,no,yes,yes,yes,no,4,4.0,4,3,3,5.0,0,12.0,11.0,13,medium
363,GP,F,18,U,GT3,T,3,4,other,other,course,mother,1.0,,0,no,yes,no,yes,yes,yes,yes,yes,5,4.0,4,1,1,1.0,4,11.0,12.0,14,high
364,GP,F,17,U,GT3,T,4,4,health,health,course,mother,1.0,1.0,0,no,no,no,yes,yes,yes,yes,no,5,3.0,4,1,2,,2,14.0,15.0,17,high
365,GP,F, 17 ,U,GT3,A,4,3,services,services,course,mother,1.0,2.0,0,,,,,,,,,5,2.0,2,1,2,5.0,14,15.0,,17,high
366,GP,F,17,U,LE3,A,3,3,services,other,home,mother,1.0,2.0,0,yes,yes,no,no,yes,yes,yes,no,5,3.0,3,1,1,5.0,0,12.0,12.0, 13 ,MEDIUM
367,GP,F,17,U,LE3,T,2,1,other,other,home,father,1.0,2.0,0,no,no,no,yes,yes,yes,yes,no,4,2.0,3,2,2,2.0,2,11.0,12.0,14,high
368,GP,M,18,U,LE3,T,4,4,other,other,reputation,father,1.0,1.0,0,no,yes,no,no,yes,yes,yes,no,4,2.0,5,3,4,5.0,2,8.0,9.0,11,medium
369,GP,F,19,U,GT3,T,1,1,other,other,course,other,,3.0,0,no,no,no,yes,yes,no,no,yes,1,5.0,5,4,3,5.0,12,10.0,,11,medium
370,GP,F,19,U,LE3,A,1,1,other,other,course,other,3.0,2.0,2,no,yes,no,no,no,yes,yes,yes,5,,4,1,1,4.0,2,8.0,8.0,9,low
371,GP,F,18,U,GT3,T,2,2,other,other,course,mother,1.0,1.0,0,no,yes,no,yes,yes,yes,yes,yes,4,3.0,5,2,4,5.0,2,10.0,10.0,10,medium
372,GP,F,17,U,GT3,T,2,2,other,other,course,mother,1.0,2.0,0,no,yes,no,no,yes,yes,no,yes,4,2.0,2,1,1,3.0,4,14.0,13.0,13,medium
373,GP,F,17,R,LE3,T,2,2,services,services,course,mother,1.0,3.0,0,no,yes,no,yes,yes,yes,yes,no,3,3.0,2,2,2,,0,11.0,11.0,10,medium
374,GP,F,17,U,GT3,T,3,1,services,services,course,father,1.0,3.0,0,NO,YES,NO,NO,NO,YES,YES,NO,3,4.0,3,2,3,,0,17.0,18.0,17,high
375,GP,F,17,U,LE3,T,0,2,at_home,at_home,home,father,2.0,3.0,0, NO , NO , NO , NO , YES , YES , YES , NO ,3,3.0,3,2,3,2.0,0,14.0,14.0,15,high
376,GP,F,18,U,GT3,T,1,1,other,other,home,mother,2.0,3.0,0,no,no,no,yes,yes,yes,yes,no,4,5.0,5,1,2,,0,14.0,14.0,14,high
377,GP,M,18,U,GT3,T,4,4,other,other,course,mother,1.0,3.0,0,NO,NO,NO,YES,YES,YES,YES,NO,4,3.0,3,2,2,3.0,0,13.0,14.0,13,MEDIUM
378,GP,M,17,U,GT3,T,3,3,other,services,reputation,mother,1.0,1.0,0, no , no , no , yes , no , yes , yes , no ,4,3.0,5,3,5,5.0,0,,18.0,17, high 
379,GP,M,17,R,GT3,T,2,2,services,other,course,mother,4.0,1.0,0,no,yes,no,no,yes,yes,yes,no,4,4.0,5,5,5,4.0,2,11.0,10.0,10,medium
380,GP,F, 17 ,U,GT3,T,4,4,teacher,services,course,mother,1.0,3.0,0,no,yes,no,yes,yes,yes,yes,no,5,4.0,4,1,3,4.0,0,13.0,12.0,13,medium
381,GP,F,17,U,GT3,T,4,4,teacher,teacher,course,mother,2.0,3.0,0, no , yes , no , no , no , yes , yes , yes ,4,3.0,3,1,2,4.0,4,15.0,14.0,15,high
382,GP,F,17,U,GT3,T,3,3,at_home,other,course,mother,1.0,1.0,0,no,yes,yes,yes,yes,yes,yes,no,4,2.0,5,4,5,5.0,6.0,,12.0, 11 ,medium
383,GP,M,18,U,LE3,T,2,2,other,other,course,mother,1.0,4.0,0,NO,YES,YES,YES,YES,YES,YES,NO,4,5.0,5,2,4,5.0,0,11.0,11.0,12,medium
384,GP,M,19,R,GT3,T,3,2,at_home,services,home,other,1.0,1.0,0,NO,YES,NO,NO,NO,YES,NO,YES,5,3.0,4,2,2,5.0,0,,10.0,10,medium
385,GP,F,18,U,GT3,T,2,2,at_home,other,course,mother,4.0,2.0,0,no,no,no,yes,yes,yes,no,yes,4,2.0,5,1,1,2.0,2,10.0,9.0,10,medium
386,GP,F,17,R,GT3,T,2,4,at_home,other,course,father,1.0,3.0,0,,,,,,,,,4,4.0,3,1,1,5.0,0,,15.0,15,high
387,GP,M,18,U,GT3,T,2,2,other,other,reputation,mother,1.0,1.0,0,NO,NO,NO,NO,NO,YES,YES,NO,5,4.0,2,1,2,5.0,6,15.0,14.0,15,high
388,GP,F,18,U,GT3,T,3,3,services,services,home,mother,1.0,2.0,0,no,no,no,yes,yes,yes,yes,no,5,3.0,4,1,1,4.0,8,10.0,11.0,12,medium
389,GP,F,18,U,LE3,T,2,2,other,other,home,other,1.0,2.0,0, no , no , no , yes , no , yes , yes , yes ,4,3.0,3,1,1,2.0,0,10.0,9.0,12,medium
390,GP,F,18,R,GT3,T,2,2,at_home,other,course,mother,2.0,4.0,0,no,no,no,yes,yes,yes,no,no,4,4.0,4,1,1,4.0,6,14.0,13.0,14,high
391,GP,F,17,U,GT3,T,3,4,services,other,course,mother,,3.0,0,no,no,no,no,yes,yes,yes,no,4,4.0,5,1,3,5.0,8,11.0,13.0, 14 , HIGH 
392,GP,F, 17 ,U,GT3,T,3,2,other,other,home,mother,1.0,2.0,0, no , yes , no , no , yes , yes , yes , yes ,4,3.0,2,2,3,,0,12.0,13.0,15,high
393,GP,F,18,U,LE3,T,3,3,services,services,home,mother,1.0,4.0,0,no,yes,no,no,yes,yes,yes,no,5,3.0,3,1,1,1.0,4,14.0,14.0,15,high
394,GP,F,17,R,GT3,A,3,2,other,other,home,mother,1.0,,0,no,yes,no,no,yes,yes,yes,no,4,3.0,3,2,3,,0,14.0,14.0,16,high
395,GP,M,18,U,GT3,T,4,4,teacher,services,home,father,,2.0,0,no,yes,no,yes,yes,yes,yes,no,4,3.0,3,2,2,2.0,?,12.0,12.0,13,MEDIUM
396,GP,M,18,U,LE3,T,3,4,services,other,home,mother,1.0,2.0,0, no , no , no , yes , yes , yes , yes , yes ,4,3.0,3,3,5,5.0,18.0,16.0,16.0,17,high
397,GP,F,17,U,GT3,A,2,2,at_home,at_home,home,father,1.0,2.0,0, no , yes , no , no , yes , yes , yes , yes ,3,3.0,1,1,2,4.0,?,10.0,,14,high
398,GP,F,18,U,GT3,T,2,3,at_home,other,course,mother,1.0,3.0,0,NO,YES,NO,NO,YES,YES,YES,NO,4,3.0,3,1,2,,0,11.0,12.0,14,high
399,GP,F,18,U,GT3,T,3,2,other,services,other,mother,1.0,3.0,0,no,no,no,no,yes,yes,yes,yes,5,4.0,3,2,3,1.0,4,14.0,16.0,17,high
400,GP,M,18,R,GT3,T,4,3,teacher,services,course,mother,1.0,3.0,0,no,no,no,no,yes,yes,yes,yes,5,3.0,2,1,2,4.0,4,15.0,14.0,17,high
401,GP,M,18,U,GT3,T,4,3,teacher,other,course,mother,1.0,3.0,0,no,yes,no,no,yes,yes,yes,yes,5,4.0,5,4,5,,0.0,,13.0,14,high
402,GP,F,17,U,GT3,T,4,3,health,other,reputation,mother,1.0,3.0,0,NO,YES,NO,YES,YES,YES,YES,YES,4,4.0,3,1,3,,0,11.0,12.0,13,medium
403,GP,F,17,U,GT3,T,2,1,services,other,course,mother,2.0,2.0,0,no,yes,no,yes,yes,yes,yes,yes,4,3.0,4,2,2,,10,12.0,,15,high
404,GP,F,17,U,GT3,T,2,1,services,other,reputation,mother,1.0,2.0,0,,,,,,,,,4,3.0,5,2,4,4.0,4,12.0,16.0,16,high
405,GP,F,19,U,LE3,A,2,3,at_home,other,home,other,2.0,1.0,1,no,no,no,no,yes,no,yes,no,2,2.0,3,3,4,5.0,16,10.0,,11,medium
406,GP,F,17,U,GT3,T,3,1,other,at_home,home,mother,1.0,1.0,1,no,yes,yes,no,yes,yes,yes,yes,4,1.0,2,1,1,3.0,6,10.0,13.0,13,medium
407,GP,F, 21 ,U,LE3,T,4,4,other,other,reputation,other,1.0,3.0,2,NO,NO,YES,YES,YES,YES,YES,NO,3,3.0,2,1,1,5.0,0,9.0,12.0,12,MEDIUM
408,GP,M,18,U,LE3,T,2,2,services,services,reputation,mother,1.0,2.0,0,NO,YES,NO,YES,NO,NO,YES,NO,4,,4,1,3,3.0,11,9.0,,12,medium
409,GP,M,18,U,LE3,A,3,4,other,other,reputation,other,1.0,2.0,0,no,no,no,yes,yes,yes,yes,yes,4,3.0,5,1,4,2.0,9,13.0,,15,high
410,GP,F,17,U,GT3,T,2,2,services,services,reputation,mother,1.0,2.0,0,no,yes,no,yes,yes,yes,yes,no,4,3.0,4,1,3,4.0,0,13.0,17.0,17,high
411,GP,M,17,U,LE3,A,4,4,health,other,reputation,mother,1.0,3.0,0,no,yes,no,no,yes,yes,yes,no,4,4.0,2,1,2,4.0,2,12.0,15.0,15,high
412,GP,F,18,U,LE3,T,4,2,teacher,other,course,mother,1.0,,0,no,yes,no,yes,yes,yes,yes,no,4,2.0,2,1,1,3.0,0,14.0,17.0,17,HIGH
413,GP,M,21,R,LE3,T,1,1,at_home,other,course,other,2.0,2.0,2,no,yes,no,yes,yes,no,yes,yes,5,3.0,3,5,2,4.0,21,9.0,,10,medium
414,GP,F,20,R,GT3,T,1,1,other,other,reputation,other,2.0,,0,no,no,no,no,yes,yes,yes,yes,3,2.0,2,3,5,,24.0,11.0,15.0,15,high
415,GP,F,19,U,GT3,T,4,4,teacher,other,home,other,1.0,1.0,1, no , yes , no , no , yes , yes , yes , yes ,3,2.0,5,4,4,5.0,5,9.0,10.0,11,medium
416,GP,M,17,U,LE3,A,3,2,other,other,reputation,mother,1.0,2.0,0,no,yes,no,no,yes,yes,yes,no,4,4.0,4,1,2,5.0,10,16.0,,18,HIGH
417,GP,F, 18 ,U,GT3,T,3,2,at_home,other,reputation,father,1.0,3.0,0,no,yes,no,no,yes,yes,yes,yes,4,3.0,4,1,2,2.0,5,14.0,17.0,17,high
418,GP,M,18,R,GT3,T,2,3,other,services,reputation,father,1.0,1.0,0,NO,NO,NO,NO,YES,YES,YES,NO,3,1.0,3,4,5,4.0,13,13.0,,14,high
419,GP,M,19,U,GT3,T,2,1,other,other,reputation,mother,,1.0,0,NO,NO,NO,NO,YES,YES,YES,NO,5,3.0,4,1,4,4.0,10,7.0,,11,medium
420,GP,F,18,U,LE3,A,2,2,services,other,reputation,mother,2.0,2.0,0,no,yes,no,no,yes,yes,yes,no,4,1.0,4,1,3,4.0,10,14.0,,17,high
421,GP,F,20,U,GT3,T,1,0,other,other,reputation,mother,2.0,,1,yes,no,no,no,yes,yes,yes,yes,5,3.0,1,1,1,5.0,5,8.0,10.0,10,MEDIUM
422,GP,F,18,U,GT3,T,3,2,services,other,home,mother,1.0,,0,no,yes,no,yes,no,yes,yes,yes,3,,2,1,2,1.0,4,10.0,13.0,13,medium
423,MS,F,16,U,GT3,T,1,3,at_home,other,other,father,2.0,,0,,,,,,,,,4,3.0,3,1,3,5.0,11,10.0,,11,medium
424,MS,F,16,R,GT3,T,2,2,other,other,course,mother,2.0,2.0,0, no , yes , no , yes , yes , yes , yes , no ,4,4.0,4,1,1,5.0,0,12.0,12.0,12,medium
425,MS,F,15,R,GT3,T,1,1,at_home,services,other,mother,1.0,1.0,1,no,yes,no,no,yes,yes,no,yes,4,1.0,3,1,1,2.0,6,10.0,10.0,10,medium
426,MS,F, 15 ,R,GT3,T,3,3,at_home,other,course,mother,2.0,1.0,0,no,yes,no,no,yes,yes,yes,no,5,4.0,4,2,3,5.0,4,10.0,10.0,11,MEDIUM
427,MS,F,16,R,GT3,T,2,3,at_home,services,course,mother,2.0,2.0,0,no,no,no,no,yes,yes,no,no,4,,2,1,2,5.0,0,16.0,17.0,17,high
428,MS,F,15,R,LE3,T,2,1,at_home,other,home,mother,2.0,,0,NO,NO,NO,NO,YES,NO,NO,NO,1,3.0,4,1,1,1.0,0,6.0,8.0, 9 ,low
429,MS,M, 16 ,R,LE3,A,4,4,at_home,other,home,mother,1.0,2.0,0,NO,YES,NO,NO,YES,YES,NO,NO,5,3.0,2,1,3,2.0,5,10.0,11.0,11,medium
430,MS,M,16,U,GT3,A,1,2,other,other,other,mother,1.0,3.0,0,,,,,,,,,4,,3,1,1,5.0,0,10.0,11.0,11,medium
431,MS,F,17,R,GT3,T,3,2,at_home,other,course,father,1.0,2.0,1, no , no , no , no , yes , yes , no , yes ,4,5.0,4,1,2,5.0,0,10.0,10.0,10,medium
432,MS,F,17,R,GT3,T,1,1,other,other,other,father,1.0,1.0,1,no,yes,no,no,no,no,yes,no,5,4.0,4,2,2,5.0,0,6.0,6.0,7, low 
433,MS,F, 15 ,R,GT3,T,4,4,teacher,other,course,mother,2.0,1.0,0,NO,NO,NO,NO,YES,YES,YES,YES,1,,1,5,5,5.0,0.0,13.0,14.0,14,HIGH
434,MS,F,16,U,LE3,A,2,2,at_home,other,reputation,mother,2.0,,0,no,no,no,yes,no,no,no,yes,1,2.0,1,1,1,1.0,4,10.0,9.0,11,medium
435,MS,F, 15 ,R,LE3,T,1,1,at_home,services,reputation,father,2.0,2.0,0,no,yes,no,no,yes,yes,yes,no,5,4.0,3,1,2,4.0,0,10.0,10.0,10,medium
436,MS,F,15,R,LE3,T,1,1,other,services,course,mother,2.0,1.0,1,no,yes,no,no,yes,yes,yes,yes,4,4.0,3,1,2,,4,6.0,7.0,8,low
437,MS,F,16,R,GT3,T,0,2,other,other,other,mother,2.0,1.0,0,no,yes,no,yes,yes,yes,no,no,3,2.0,3,1,2,,0,12.0,11.0,12,medium
438,MS,F,17,R,GT3,T,2,3,other,other,course,mother,2.0,1.0,0,no,yes,no,no,yes,yes,yes,no,5,5.0,5,1,3,3.0,2,10.0,11.0,12,medium
439,MS,F,15,R,GT3,T,3,3,other,services,course,father,2.0,1.0,0,no,no,no,no,no,yes,yes,no,4,1.0,3,1,1,4.0,0,14.0,16.0,16,high
440,MS,M, 16 ,U,GT3,T,1,1,at_home,services,home,mother,2.0,2.0,0,NO,YES,NO,YES,YES,YES,NO,YES,5,4.0,5,4,5,,?,7.0,,0,low
441,MS,M, 17 ,U,GT3,T,1,1,other,other,home,mother,1.0,2.0,0,no,no,yes,no,no,yes,yes,no,4,4.0,3,2,4,5.0,4,8.0,9.0,9,low
442,MS,M,15,R,LE3,T,4,1,health,services,reputation,father,1.0,2.0,0, no , yes , no , yes , yes , yes , yes , no ,5,3.0,4,1,2,,0,12.0,13.0,14,high
443,MS,M,15,R,LE3,T,4,1,health,services,reputation,father,1.0,2.0,0,no,yes,no,yes,yes,yes,yes,no,5,3.0,4,1,2,2.0,7,,9.0,8,low
444,MS,M, 16 ,R,GT3,T,3,4,other,health,other,mother,3.0,2.0,0,no,no,no,no,no,yes,no,no,3,,5,1,2,5.0,4,9.0,10.0,11,medium
445,MS,M,15,R,GT3,T,1,1,other,other,course,mother,4.0,2.0,0,NO,YES,NO,YES,YES,YES,NO,YES,5,4.0,5,2,4,4.0,8,7.0,9.0,9,low
446,MS,M,15,U,LE3,T,3,3,at_home,at_home,reputation,father,1.0,2.0,0,no,yes,no,yes,yes,yes,yes,no,5,3.0,3,1,1,,0,11.0,11.0,11,MEDIUM
447,MS,M,17,R,GT3,T,2,1,other,other,other,mother,3.0,1.0,0,NO,NO,NO,YES,YES,NO,NO,YES,5,5.0,5,5,5,3.0,8,8.0,10.0,9,low
448,MS,F,16,R,GT3,T,4,4,teacher,teacher,course,mother,2.0,,0,no,no,no,yes,yes,yes,yes,yes,4,2.0,2,1,1,4.0,6,16.0,16.0,17,HIGH
449,MS,F,15,R,GT3,T,1,2,other,services,course,mother,2.0,1.0,0, no , no , no , no , yes , yes , no , no ,5,1.0,2,1,1,1.0,3,,13.0,13,medium
450,MS,F,16,R,GT3,T,2,3,other,services,course,mother,3.0,,0,no,yes,no,no,yes,yes,yes,no,4,5.0,4,1,2,1.0,2,15.0,15.0,15,high
451,MS,M,16,R,GT3,T,1,2,other,other,course,father,,2.0,0,no,no,no,no,yes,yes,no,no,4,3.0,3,1,1,5.0,0,10.0,11.0,11,medium
452,MS,F,16,R,GT3,T,2,2,other,other,course,mother,3.0,2.0,0,no,yes,no,no,yes,yes,yes,no,4,4.0,5,1,1,4.0,?,9.0,10.0,11, medium 
453,MS,F,16,U,GT3,T,1,2,other,services,course,mother,1.0,3.0,1,no,yes,no,no,yes,yes,no,no,1,3.0,2,1,2,4.0,0,10.0,8.0,8,low
454,MS,F,16,U,GT3,T,1,2,other,services,course,mother,1.0,,1,no,yes,no,no,yes,yes,no,no,1,3.0,2,1,2,4.0,3,9.0,8.0,8,low
455,MS,F,15,U,GT3,T,2,1,at_home,other,home,mother,1.0,2.0,0,yes,yes,no,no,no,yes,yes,no,4,4.0,2,3,3,2.0,0,9.0,10.0,9,low
456,MS,F,16,U,GT3,T,1,1,at_home,other,course,father,1.0,2.0,0,NO,YES,NO,NO,NO,YES,NO,YES,5,4.0,3,2,1,2.0,0,13.0,14.0,15,high
457,MS,M,17,R,LE3,T,1,2,at_home,services,reputation,mother,1.0,1.0,0,,,,,,,,,5,5.0,5,5,5,3.0,4,10.0,11.0,11,medium
458,MS,F, 16 ,R,GT3,T,1,1,other,other,home,father,4.0,4.0,0,no,yes,no,no,no,yes,yes,no,4,3.0,2,3,3,1.0,0.0,13.0,10.0,13,medium
459,MS,F,16,R,GT3,T,1,1,at_home,other,other,father,4.0,3.0,0,yes,yes,no,no,yes,yes,no,no,4,4.0,3,1,1,5.0,?,10.0,9.0,10,medium
460,MS,F,15,R,GT3,T,1,1,at_home,other,home,father,2.0,2.0,0,no,yes,no,yes,yes,yes,yes,no,4,3.0,3,1,1,2.0,1,11.0,10.0,11,medium
461,MS,F,16,R,GT3,T,1,1,at_home,other,other,mother,2.0,1.0,0,no,no,no,yes,yes,yes,yes,yes,4,2.0,2,4,3,2.0,0,13.0,12.0,14,high
462,MS,F,15,R,GT3,T,1,1,at_home,at_home,course,father,3.0,2.0,0,no,yes,no,no,yes,yes,no,no,4,2.0,1,1,2,2.0,0,13.0,14.0,14,high
463,MS,F,15,R,LE3,T,2,2,other,other,other,father,1.0,3.0,0,yes,yes,no,no,yes,yes,no,no,4,4.0,3,2,2,5.0,2,14.0,11.0,12,medium
464,MS,M, 16 ,R,GT3,T,1,1,at_home,other,other,father,2.0,1.0,0, no , no , no , yes , yes , yes , no , no ,3,4.0,4,5,5,5.0,18.0,11.0,11.0,11,medium
465,MS,F, 18 ,U,GT3,T,1,2,other,other,course,father,1.0,2.0,1,no,yes,no,yes,yes,yes,yes,yes,3,,4,2,3,5.0,9,9.0,, 8 , low 
466,MS,M,15,U,GT3,T,3,1,other,services,home,mother,,1.0,0,no,yes,no,no,yes,yes,no,no,3,2.0,3,3,5,4.0,0.0,10.0,9.0,11,medium
467,MS,F,16,R,GT3,T,2,2,other,services,course,father,3.0,2.0,0,no,yes,no,yes,yes,yes,yes,no,5,,4,1,1,2.0,?,14.0,13.0,14,high
468,MS,M,15,U,GT3,T,2,2,health,other,reputation,mother,3.0,1.0,0,no,no,no,no,yes,yes,no,no,4,3.0,3,1,2,4.0,1,13.0,12.0,13,medium
469,MS,M,16,U,GT3,T,4,4,other,teacher,course,father,1.0,2.0,0,NO,YES,NO,YES,YES,YES,NO,YES,4,,1,1,1,3.0,0,13.0,12.0,13,medium
470,MS,F,15,R,GT3,T,3,3,services,other,reputation,mother,1.0,2.0,0,no,yes,no,no,yes,yes,yes,yes,4,5.0,4,1,1,1.0,4,13.0,12.0,12,medium
471,MS,F,16,R,GT3,T,2,2,at_home,other,course,mother,2.0,2.0,1,no,yes,no,yes,no,yes,no,no,4,4.0,4,2,3,,2,12.0,11.0,12,medium
472,MS,F,16,R,LE3,T,2,2,other,other,home,father,3.0,1.0,0,no,yes,no,yes,yes,yes,no,yes,4,3.0,2,1,1,4.0,0,14.0,14.0,16,HIGH
473,MS,M, 16 ,U,LE3,T,2,1,at_home,services,course,mother,2.0,1.0,0,no,yes,no,yes,yes,yes,yes,no,2,4.0,3,2,3,4.0,4,10.0,8.0,10,medium
474,MS,M, 15 ,R,LE3,T,1,3,at_home,other,reputation,father,3.0,1.0,0,no,yes,no,yes,yes,yes,yes,no,4,2.0,4,3,5,3.0,2,10.0,11.0, 11 ,medium
475,MS,F, 15 ,U,GT3,T,2,2,other,services,course,mother,2.0,3.0,0,no,yes,no,yes,yes,yes,no,no,5,3.0,2,1,1,4.0,0,12.0,13.0,14,high
476,MS,F,16,R,LE3,T,2,1,other,other,home,mother,1.0,1.0,0,no,yes,no,no,yes,yes,yes,yes,5,4.0,3,1,1,,2,10.0,8.0,8,low
477,MS,M,15,U,GT3,T,3,3,services,services,course,father,2.0,1.0,0,no,yes,no,yes,no,yes,yes,no,4,3.0,3,2,4,3.0,11,12.0,,11,MEDIUM
478,MS,F,16,R,GT3,T,1,1,at_home,other,course,father,2.0,2.0,3,yes,yes,no,no,yes,yes,no,no,3,4.0,3,1,1,1.0,0,7.0,7.0,8,low
479,MS,F,17,U,GT3,T,2,2,other,at_home,course,mother,1.0,1.0,0,NO,YES,NO,YES,YES,NO,NO,NO,4,5.0,3,1,1,,4,9.0,9.0, 10 ,medium
480,MS,F,19,U,GT3,T,2,3,at_home,services,course,other,1.0,1.0,1, no , no , no , no , yes , no , yes , yes ,4,4.0,4,1,1,2.0,0,9.0,9.0,10, medium 
481,MS,F,17,R,GT3,T,2,1,at_home,other,course,mother,3.0,1.0,0,no,yes,no,yes,yes,no,no,yes,5,5.0,3,1,1,3.0,2,9.0,10.0,11, medium 
482,MS,F,15,R,LE3,T,1,1,at_home,other,course,mother,2.0,1.0,0,no,yes,no,no,yes,no,no,yes,5,2.0,1,1,3,4.0,0,9.0,10.0,9,low
483,MS,F,16,R,GT3,T,2,2,other,other,course,father,,2.0,0,no,yes,no,no,yes,no,yes,no,3,4.0,5,1,2,1.0,1,9.0,10.0,11,medium
484,MS,F,16,U,LE3,A,2,2,other,other,home,mother,1.0,,0,no,yes,no,no,yes,no,no,no,4,3.0,4,1,2,1.0,6,7.0,7.0,8,low
485,MS,F,17,R,GT3,T,2,2,at_home,other,course,mother,2.0,2.0,0,no,yes,no,no,yes,yes,yes,no,4,3.0,5,1,2,4.0,0,11.0,10.0,11,medium
486,MS,F,16,U,GT3,T,2,2,other,services,course,father,1.0,1.0,1,no,yes,yes,yes,no,yes,yes,no,4,4.0,3,1,4,3.0,1,9.0,10.0,10,medium
487,MS,F, 18 ,R,LE3,A,3,2,other,other,course,other,2.0,3.0,2,NO,YES,NO,NO,NO,NO,NO,YES,3,3.0,2,1,1,2.0,6,7.0,9.0,10,medium
488,MS,F,19,U,GT3,T,1,1,at_home,services,course,mother,1.0,3.0,1,NO,NO,NO,YES,YES,NO,NO,YES,5,3.0,1,1,1,3.0,6,7.0,9.0,9,low
489,MS,M,18,R,GT3,T,1,1,other,other,home,mother,,1.0,1,no,no,no,yes,yes,no,yes,no,4,4.0,3,3,4,4.0,0,8.0,9.0,10,medium
490,MS,F,18,R,GT3,T,1,1,at_home,at_home,course,mother,2.0,1.0,1,no,no,no,no,no,no,yes,yes,3,2.0,3,1,1,2.0,4,9.0,11.0,10,medium
491,MS,F,19,U,GT3,T,1,1,other,other,course,other,2.0,2.0,1,no,yes,no,no,yes,yes,yes,yes,1,,4,4,1,1.0,12,7.0,,9,low
492,MS,F,16,R,GT3,A,2,2,health,other,course,mother,1.0,2.0,0,no,no,no,no,no,yes,no,yes,3,3.0,2,3,3,3.0,6.0,8.0,10.0, 10 ,medium
493,MS,F, 17 ,U,GT3,T,0,1,other,at_home,course,father,2.0,1.0,0,NO,NO,NO,YES,NO,YES,NO,NO,2,4.0,4,3,5,5.0,5,9.0,9.0,10,MEDIUM
494,MS,F,16,R,LE3,T,1,2,at_home,other,course,mother,1.0,2.0,0,no,no,no,yes,yes,no,yes,no,4,4.0,5,1,3,3.0,0,8.0,9.0,9,low
495,MS,F,16,U,GT3,T,3,3,other,other,reputation,mother,1.0,1.0,0, no , no , no , yes , yes , no , yes , yes ,4,5.0,4,1,1,4.0,0,14.0,13.0,13,medium
496,MS,F,16,R,LE3,T,1,1,services,services,home,mother,1.0,1.0,0,no,yes,no,yes,yes,yes,yes,yes,4,4.0,4,2,2,4.0,2,14.0,14.0,14,high
497,MS,M,17,U,GT3,T,3,3,services,at_home,course,mother,2.0,4.0,1,no,yes,yes,yes,yes,yes,no,no,5,4.0,5,3,4,5.0,0,10.0,11.0,10,medium
498,MS,F,16,U,GT3,T,2,1,other,services,course,mother,1.0,2.0,0,no,yes,no,yes,yes,yes,yes,no,5,3.0,3,1,1,1.0,0,14.0,13.0,14,high
499,MS,F,16,U,GT3,T,2,2,services,other,course,mother,1.0,1.0,0,no,yes,yes,yes,yes,yes,no,yes,4,2.0,5,1,2,,0,17.0,16.0, 16 ,high
500,MS,M,17,U,GT3,T,1,2,other,other,course,father,1.0,1.0,1, no , yes , no , yes , yes , no , yes , yes ,5,3.0,5,5,5,1.0,12,6.0,,7,LOW
501,MS,M, 16 ,U,LE3,T,4,3,other,other,course,father,1.0,1.0,0,NO,NO,NO,YES,YES,YES,YES,NO,4,2.0,5,1,5,5.0,8,14.0,12.0,13,medium
502,MS,M,17,R,LE3,T,2,2,services,services,other,mother,3.0,4.0,1,no,yes,no,no,yes,yes,no,no,1,3.0,5,3,5,3.0,2,10.0,8.0,9,low
503,MS,F,16,U,GT3,T,1,1,other,other,course,other,,4.0,0,yes,yes,no,yes,yes,yes,yes,no,2,2.0,1,1,1,5.0,0,14.0,14.0,14,high
504,MS,F,19,U,LE3,T,2,2,other,other,home,mother,1.0,3.0,0,no,no,no,no,yes,yes,yes,yes,5,4.0,5,1,1,1.0,0,12.0,13.0, 13 ,medium
505,MS,F,17,R,GT3,T,1,1,at_home,other,reputation,mother,2.0,1.0,0,no,yes,no,yes,no,yes,yes,yes,4,4.0,5,1,2,5.0,0,11.0,11.0, 11 ,medium
506,MS,F,20,U,GT3,T,3,3,at_home,services,other,mother,,2.0,1,,,,,,,,,3,3.0,4,2,4,3.0,8,11.0,9.0,10,medium
507,MS,F,17,U,LE3,T,1,1,other,services,course,father,,3.0,0,NO,YES,NO,NO,YES,YES,NO,YES,4,3.0,3,1,1,3.0,0,11.0,11.0,10,medium
508,MS,M,17,R,GT3,T,2,2,other,other,course,mother,,1.0,1,NO,YES,NO,NO,NO,YES,YES,NO,4,,5,1,2,5.0,?,10.0,9.0,9,low
509,MS,F,16,R,LE3,T,1,1,at_home,other,course,father,3.0,2.0,0,no,yes,no,no,yes,yes,no,no,5,3.0,2,1,1,1.0,0,16.0,17.0,18,high
510,MS,F,17,R,GT3,T,2,2,other,other,reputation,mother,2.0,,0,no,yes,no,yes,yes,yes,no,no,5,3.0,2,1,1,1.0,0,15.0,17.0,17,high
511,MS,F,17,U,GT3,A,1,0,other,other,other,mother,,2.0,0,no,no,no,no,yes,yes,yes,yes,4,,5,1,1,4.0,1,11.0,9.0,10,medium
512,MS,F,18,R,GT3,T,1,1,at_home,other,other,mother,1.0,,1,NO,YES,NO,NO,YES,YES,YES,YES,4,3.0,2,1,1,5.0,9,7.0,,7,low
513,MS,F,16,U,GT3,T,3,1,other,other,course,mother,1.0,1.0,0,NO,NO,NO,YES,YES,YES,YES,NO,3,1.0,3,1,3,1.0,0,8.0,6.0,8,low
514,MS,F,16,U,GT3,T,3,2,services,at_home,course,mother,1.0,1.0,0,no,no,no,no,yes,yes,yes,no,3,1.0,3,1,4,3.0,2,7.0,6.0,7,low
515,MS,F,18,U,LE3,T,1,1,other,at_home,reputation,mother,2.0,2.0,0,yes,no,no,no,yes,yes,no,no,2,3.0,5,1,4,,?,9.0,8.0,10,medium
516,MS,F, 16 ,R,GT3,T,4,4,health,teacher,reputation,father,1.0,2.0,0,no,no,no,yes,no,yes,yes,yes,4,3.0,3,2,3,2.0,0,14.0,16.0,16,high
517,MS,F, 16 ,R,LE3,T,1,2,other,other,reputation,mother,2.0,1.0,0, no , no , no , yes , yes , yes , yes , no ,5,4.0,5,1,4,2.0,0,14.0,14.0,15,high
518,MS,F,18,U,GT3,A,2,4,other,services,reputation,father,1.0,,1,NO,YES,NO,NO,YES,YES,YES,NO,2,3.0,2,1,3,1.0,8,8.0,5.0,8,low
519,MS,M, 16 ,R,GT3,T,2,1,other,services,reputation,mother,2.0,2.0,0,no,no,no,yes,yes,yes,yes,no,5,2.0,1,1,1,2.0,0,8.0,7.0,0,low
520,MS,F,16,U,LE3,T,1,1,at_home,other,other,mother,,2.0,0,no,yes,no,no,yes,yes,yes,no,4,3.0,2,1,3,5.0,6,6.0,8.0,8,low
521,MS,F, 16 ,R,GT3,T,2,3,at_home,services,other,mother,2.0,2.0,0,no,yes,no,yes,yes,yes,yes,no,3,3.0,3,1,1,2.0,0,8.0,10.0,10,medium
522,MS,F,16,U,GT3,T,4,4,health,health,course,mother,1.0,2.0,0,NO,YES,NO,NO,YES,YES,YES,YES,4,3.0,4,1,2,3.0,4,8.0,8.0,8, LOW 
523,MS,M,18,U,LE3,T,4,4,at_home,health,home,mother,1.0,4.0,0,no,yes,no,yes,yes,no,yes,yes,5,5.0,5,5,5,5.0,2,5.0,6.0,6,low
524,MS,F,16,R,LE3,T,3,4,at_home,other,other,mother,3.0,2.0,0,no,yes,no,no,no,yes,no,no,4,2.0,1,1,1,2.0,2,7.0,9.0,8,low
525,MS,M,17,U,LE3,T,4,4,other,services,home,mother,1.0,3.0,0,no,yes,no,no,yes,yes,yes,no,4,4.0,3,1,2,5.0,0,15.0,14.0,16,high
526,MS,F,17,R,GT3,T,4,1,other,other,other,mother,1.0,1.0,0,no,no,no,no,yes,yes,yes,yes,4,2.0,3,1,2,5.0,1,13.0,14.0,14,high
527,MS,M, 16 ,U,LE3,T,2,2,services,services,other,mother,4.0,3.0,0,no,no,no,no,yes,yes,no,no,5,,3,2,2,3.0,0,10.0,9.0,10,MEDIUM
528,MS,F,17,R,GT3,T,2,2,at_home,other,other,mother,1.0,1.0,0,,,,,,,,,5,1.0,3,1,2,,5,9.0,9.0,9,LOW
529,MS,F,16,U,LE3,T,4,4,services,services,other,father,2.0,1.0,0,NO,YES,NO,NO,YES,YES,NO,NO,5,1.0,3,1,2,5.0,1,,11.0,11,medium
530,MS,M,17,U,GT3,T,3,3,services,services,home,mother,1.0,1.0,0,no,yes,no,yes,yes,yes,yes,no,4,1.0,4,5,5,3.0,8,7.0,10.0,9,low
531,MS,M, 17 ,U,GT3,T,1,1,at_home,services,other,mother,3.0,2.0,0,no,no,no,no,yes,yes,yes,yes,5,1.0,3,3,3,1.0,0,10.0,10.0,10,medium
532,MS,M,16,U,GT3,T,2,1,health,services,other,mother,2.0,2.0,0,no,no,no,no,no,yes,yes,yes,4,2.0,2,1,4,5.0,2,9.0,7.0,8,low
533,MS,F,16,U,LE3,T,2,1,other,services,other,mother,,2.0,0,no,no,no,no,yes,yes,yes,yes,3,2.0,2,1,1,3.0,0,14.0,15.0,16,high
534,MS,M,16,U,LE3,T,4,4,teacher,health,other,father,1.0,,0,no,yes,no,no,yes,yes,yes,no,4,1.0,2,2,5,5.0,0,11.0,12.0,12,medium
535,MS,M,15,R,GT3,T,1,2,other,services,course,mother,3.0,2.0,0,no,yes,no,yes,yes,yes,no,no,5,5.0,5,1,3,5.0,11,9.0,,10,medium
536,MS,M,15,U,LE3,A,2,2,other,other,reputation,mother,3.0,4.0,0,,,,,,,,,5,4.0,5,2,3,5.0,8,13.0,14.0,14,high
537,MS,M,15,U,LE3,A,2,1,services,services,course,mother,1.0,1.0,0,no,no,no,yes,yes,yes,yes,no,4,,3,1,2,5.0,11,12.0,,12,medium
538,MS,F,16,R,LE3,T,2,2,other,other,course,mother,1.0,3.0,0,no,yes,no,no,no,yes,no,yes,4,,3,2,2,5.0,2,11.0,11.0,11,medium
539,MS,F,16,U,LE3,T,4,1,other,other,home,mother,2.0,2.0,0,no,yes,no,yes,yes,yes,yes,no,1,2.0,4,2,2,1.0,8,9.0,10.0, 10 ,medium
540,MS,F,17,U,GT3,T,3,2,at_home,other,home,mother,2.0,1.0,0,no,no,no,no,yes,yes,no,yes,4,3.0,3,2,2,1.0,5,9.0,11.0,11,MEDIUM
541,MS,F,17,R,GT3,T,2,2,other,other,other,mother,2.0,2.0,0,yes,no,yes,no,yes,yes,no,no,5,1.0,3,1,1,5.0,0,11.0,9.0,11,medium
542,MS,F,16,U,GT3,T,4,4,teacher,services,course,mother,2.0,3.0,0,no,yes,no,no,yes,yes,yes,yes,5,,5,1,4,5.0,1,,11.0,12,medium
543,MS,M,17,R,GT3,T,4,4,health,other,course,father,3.0,1.0,3,no,no,no,yes,yes,yes,yes,yes,3,3.0,3,1,3,5.0,2,9.0,9.0,8,low
544,MS,M,17,R,LE3,T,1,3,other,other,course,father,2.0,1.0,0,no,no,no,yes,yes,yes,no,yes,5,1.0,2,3,3,5.0,2,12.0,11.0,12,medium
545,MS,M, 17 ,U,GT3,T,3,4,services,other,other,mother,1.0,2.0,1,no,yes,no,yes,no,yes,yes,yes,5,4.0,4,3,4,,8,8.0,9.0,8,low
546,MS,F,17,U,GT3,T,4,4,health,health,course,father,1.0,2.0,0,no,yes,no,no,yes,yes,yes,no,5,2.0,5,1,1,5.0,0,13.0,15.0,16, high 
547,MS,M,16,R,LE3,T,4,1,other,at_home,other,father,1.0,,0,no,no,no,no,yes,yes,yes,no,4,1.0,2,2,1,2.0,0,10.0,11.0,11,medium
548,MS,F,17,U,GT3,A,1,1,at_home,at_home,other,mother,1.0,2.0,0, no , no , no , yes , yes , yes , yes , yes ,4,5.0,5,1,2,3.0,2,11.0,10.0,11,medium
549,MS,F,17,R,GT3,T,4,2,other,other,course,mother,2.0,2.0,0,yes,yes,no,no,no,yes,yes,no,4,3.0,3,2,3,5.0,0,17.0,18.0,18,high
550,MS,M,16,U,LE3,A,2,2,other,services,course,father,2.0,2.0,0,no,yes,no,no,no,yes,yes,yes,4,1.0,2,2,2,5.0,0,12.0,13.0,13,medium
551,MS,M,17,U,GT3,T,3,2,other,other,other,father,2.0,2.0,0,no,yes,yes,no,yes,yes,yes,no,4,1.0,2,2,2,1.0,0,13.0,14.0,13,medium
552,MS,M,19,U,GT3,T,1,1,other,other,other,mother,1.0,2.0,2, no , yes , no , yes , yes , no , yes , no ,4,4.0,3,3,4,4.0,2,9.0,9.0,10, medium 
553,MS,M,17,U,LE3,A,1,0,other,other,home,mother,1.0,1.0,0,no,no,no,no,yes,yes,no,yes,4,1.0,2,1,1,,4,11.0,11.0,12,medium
554,MS,F,17,R,GT3,T,1,1,at_home,at_home,course,father,2.0,,0,no,yes,no,yes,yes,no,yes,yes,3,5.0,5,2,2,4.0,3,,11.0,10,medium
555,MS,F,16,R,GT3,T,1,2,other,other,home,father,,3.0,0,YES,YES,NO,NO,NO,YES,YES,YES,4,3.0,4,1,1,3.0,5,13.0,14.0,13,medium
556,MS,M,16,R,LE3,T,1,2,other,at_home,course,mother,,1.0,0, no , no , no , no , yes , yes , no , no ,4,4.0,4,2,4,5.0,?,9.0,10.0,11,medium
557,MS,F,17,R,GT3,T,3,1,other,other,course,mother,2.0,2.0,3,no,yes,no,yes,no,yes,yes,yes,5,4.0,4,1,1,5.0,2,7.0,9.0,10,medium
558,MS,M,17,R,GT3,T,2,2,other,other,course,mother,2.0,1.0,0,NO,NO,NO,YES,YES,NO,NO,YES,5,5.0,5,3,5,,0,8.0,13.0,10,medium
559,MS,M,18,R,GT3,T,1,0,at_home,at_home,course,other,3.0,1.0,1,,,,,,,,,4,3.0,2,1,1,4.0,?,12.0,12.0,13,MEDIUM
560,MS,M, 17 ,R,GT3,T,1,1,other,services,course,mother,2.0,,0,no,yes,no,yes,no,yes,yes,yes,4,5.0,5,1,3,2.0,0,10.0,9.0,10,medium
561,MS,M,18,U,LE3,T,1,1,at_home,at_home,course,mother,2.0,2.0,0,no,yes,no,yes,yes,yes,no,no,4,3.0,3,1,4,5.0,6,10.0,9.0,10,medium
562,MS,F,16,R,LE3,T,2,2,other,services,course,father,1.0,2.0,0,NO,NO,NO,YES,YES,YES,NO,YES,5,4.0,3,1,1,1.0,0,11.0,13.0,12,MEDIUM
563,MS,M, 17 ,U,GT3,T,2,2,other,other,course,mother,1.0,1.0,1,no,no,no,yes,yes,yes,no,yes,1,2.0,1,2,3,5.0,0,,,0,low
564,MS,M,16,R,GT3,T,3,2,services,other,course,father,2.0,1.0,0,no,no,no,no,yes,yes,yes,no,4,5.0,5,2,3,5.0,2,11.0,9.0,10,medium
565,MS,M, 16 ,R,LE3,T,1,1,at_home,other,course,mother,2.0,1.0,0,no,no,no,yes,yes,yes,yes,no,4,5.0,5,2,4,5.0,0,10.0,10.0,9,low
566,MS,M, 18 ,R,GT3,T,1,1,services,other,course,other,2.0,1.0,1,NO,YES,NO,NO,YES,NO,YES,YES,5,3.0,3,2,3,,2,9.0,7.0,9,low
567,MS,M,18,R,GT3,T,3,2,services,other,course,mother,1.0,,1,no,no,no,no,yes,no,yes,no,2,3.0,1,2,2,5.0,0,4.0,,0,low
568,MS,M, 19 ,U,GT3,T,3,2,at_home,services,course,mother,2.0,1.0,3,no,no,no,yes,yes,yes,no,no,3,2.0,1,3,3,3.0,12.0,6.0,11.0, 9 , low 
569,MS,M,18,U,GT3,T,3,3,at_home,at_home,course,mother,1.0,2.0,2,no,yes,no,yes,yes,no,yes,no,4,4.0,5,1,3,3.0,?,4.0,, 8 ,low
570,MS,M,16,R,GT3,T,2,2,services,services,course,mother,,1.0,0,no,yes,no,yes,yes,yes,yes,yes,5,4.0,3,2,4,4.0,6,7.0,8.0,8,low
571,MS,M,19,U,GT3,T,2,1,at_home,other,course,other,,1.0,3,no,no,no,yes,no,no,yes,yes,4,4.0,3,1,3,5.0,4,8.0,9.0,9,low
572,MS,F,16,U,GT3,A,3,2,services,at_home,course,mother,2.0,2.0,2,no,yes,no,yes,yes,yes,no,yes,2,5.0,5,1,1,1.0,8,5.0,5.0,7,low
573,MS,F,17,U,GT3,T,1,1,other,at_home,course,mother,1.0,1.0,0,no,yes,no,yes,yes,yes,no,no,4,3.0,2,1,2,5.0,9,7.0,,10,medium
574,MS,M,20,R,GT3,T,1,1,other,other,course,other,2.0,1.0,1,no,yes,no,no,yes,no,yes,yes,4,4.0,3,2,4,4.0,12,8.0,,10,medium
575,MS,F,18,R,GT3,A,4,3,services,services,course,mother,1.0,1.0,0,no,yes,no,no,yes,yes,yes,no,5,4.0,4,3,4,2.0,8,10.0,11.0,10,medium
576,MS,M,18,R,GT3,T,3,2,other,other,course,mother,2.0,1.0,0,no,yes,no,no,no,yes,yes,no,2,5.0,5,5,5,5.0,8,9.0,10.0,11,medium
577,MS,M,19,R,GT3,T,1,1,other,services,home,other,3.0,2.0,1,no,no,no,no,yes,yes,yes,no,5,4.0,4,3,3,2.0,8,10.0,9.0,11,MEDIUM
578,MS,M, 17 ,U,GT3,T,3,3,health,other,course,mother,2.0,2.0,1,no,yes,no,no,yes,yes,yes,no,4,5.0,4,2,3,3.0,4,8.0,9.0,10,medium
579,MS,M,18,U,LE3,T,1,3,at_home,services,course,mother,1.0,1.0,0,no,no,no,no,yes,no,yes,yes,4,3.0,3,2,3,3.0,0,9.0,10.0,9,low
580,MS,M,19,R,GT3,T,1,1,other,other,home,other,,1.0,1,NO,YES,NO,NO,YES,YES,YES,NO,4,4.0,4,3,3,5.0,4,8.0,9.0,10,medium
581,MS,F,18,U,GT3,A,1,2,at_home,other,course,mother,2.0,2.0,2,no,yes,no,no,yes,yes,no,no,4,3.0,3,1,1,5.0,?,6.0,8.0,8,LOW
582,MS,F,19,U,LE3,A,1,1,at_home,other,course,mother,1.0,1.0,0,no,yes,no,no,yes,no,no,no,1,4.0,4,3,3,5.0,0.0,6.0,8.0,7,low
583,MS,F,18,R,GT3,T,2,2,other,other,other,mother,2.0,1.0,1,no,no,no,no,yes,no,yes,yes,5,5.0,5,1,1,3.0,0,8.0,6.0,0,low
584,MS,F,17,R,GT3,T,0,0,at_home,other,course,mother,2.0,1.0,0, no , yes , no , no , yes , yes , yes , no ,4,4.0,3,1,1,5.0,0,10.0,11.0,11,medium
585,MS,F,17,R,LE3,A,3,1,other,at_home,course,other,2.0,3.0,0,no,yes,yes,no,yes,no,no,no,4,2.0,3,2,2,3.0,5,8.0,7.0,8,LOW
586,MS,F,17,U,GT3,T,4,2,teacher,services,home,mother,,2.0,0,yes,yes,no,yes,yes,yes,yes,no,5,5.0,5,1,3,,0,8.0,8.0,0, LOW 
587,MS,F,18,R,LE3,T,2,2,services,services,course,mother,1.0,2.0,1,no,yes,no,yes,yes,yes,yes,no,2,3.0,3,1,2,4.0,3,7.0,6.0, 8 ,low
588,MS,F,17,U,GT3,T,4,1,health,at_home,course,mother,1.0,1.0,0,no,yes,no,no,yes,yes,no,yes,3,2.0,2,1,1,5.0,0,8.0,10.0,9,low
589,MS,F,17,U,LE3,T,1,2,at_home,other,course,father,1.0,,0,no,no,no,no,yes,yes,yes,no,5,5.0,1,3,3,3.0,0.0,7.0,10.0,10,medium
590,MS,F,18,U,GT3,T,1,1,other,other,course,mother,3.0,2.0,2,no,no,no,yes,yes,yes,no,yes,3,4.0,4,2,2,5.0,3,7.0,8.0,7,low
591,MS,F,18,U,GT3,T,2,2,services,at_home,reputation,father,2.0,2.0,0,no,no,no,yes,no,yes,yes,no,4,3.0,5,1,1,,2,12.0,13.0, 14 ,HIGH
592,MS,F,17,U,GT3,T,3,3,services,services,course,mother,2.0,1.0,0,no,yes,no,no,yes,yes,yes,no,4,4.0,3,1,1,4.0,0,11.0,12.0,13,medium
593,MS,F,18,U,LE3,A,1,2,at_home,other,reputation,mother,2.0,2.0,0, no , no , no , no , yes , yes , yes , no ,4,4.0,3,1,2,4.0,0,12.0,13.0,14,high
594,MS,F,18,U,GT3,T,4,4,teacher,teacher,reputation,mother,,,0,no,no,no,yes,no,yes,yes,no,4,3.0,5,1,2,1.0,0,18.0,18.0,18,HIGH
595,MS,M,18,U,LE3,T,4,4,services,other,reputation,mother,1.0,1.0,0,,,,,,,,,5,,5,1,1,5.0,3,17.0,17.0,17,high
596,MS,F, 17 ,U,GT3,T,4,2,other,other,course,mother,2.0,2.0,0,no,yes,no,no,yes,yes,yes,no,4,3.0,3,1,2,4.0,0,17.0,18.0,18,high
597,MS,F,18,R,GT3,T,2,2,at_home,other,course,mother,3.0,2.0,1,no,no,no,yes,yes,yes,no,yes,4,3.0,3,1,1,4.0,0,9.0,,0,low
598,MS,M,18,U,LE3,T,1,2,at_home,services,home,mother,2.0,1.0,0,no,yes,no,no,no,yes,no,no,4,1.0,4,5,5,1.0,8,10.0,11.0,11,medium
599,MS,M,18,R,GT3,T,4,4,at_home,services,other,mother,3.0,1.0,0,no,yes,yes,yes,yes,yes,yes,yes,2,5.0,5,1,1,1.0,5,12.0,13.0,14,HIGH
600,MS,M,17,R,GT3,T,1,1,other,services,other,father,3.0,1.0,0,no,no,no,no,no,no,no,no,4,,3,3,4,4.0,4,12.0,13.0,14,HIGH
601,MS,F,18,U,GT3,T,2,2,other,other,course,mother,,2.0,0,no,yes,no,no,no,yes,yes,yes,1,,1,1,1,2.0,4,8.0,8.0,10, medium 
602,MS,F, 18 ,U,LE3,T,2,2,services,services,course,father,2.0,3.0,0,no,no,no,no,yes,yes,yes,yes,5,4.0,5,1,4,3.0,0,11.0,12.0,13, medium 
603,MS,F,18,R,LE3,A,4,2,teacher,other,reputation,mother,1.0,2.0,0, no , no , no , yes , yes , yes , yes , yes ,5,,1,1,1,5.0,0,5.0,,0,low
604,MS,F,18,U,GT3,T,1,1,at_home,services,course,mother,3.0,2.0,1,no,no,no,no,yes,no,no,no,4,4.0,2,1,2,2.0,2,,10.0,10,medium
605,MS,F,19,U,GT3,T,1,1,at_home,services,other,father,2.0,1.0,1,no,no,no,no,yes,no,no,no,5,5.0,5,2,3,2.0,0,5.0,,0,low
606,MS,F, 17 ,U,GT3,T,4,2,teacher,other,course,father,2.0,4.0,0,no,no,no,no,yes,yes,yes,yes,4,2.0,3,5,3,5.0,0.0,18.0,18.0,18,high
607,MS,F,17,R,LE3,A,2,1,services,other,reputation,mother,2.0,2.0,0,no,no,no,yes,yes,yes,yes,yes,5,3.0,3,1,2,2.0,5,11.0,11.0,12,MEDIUM
608,MS,F,18,U,LE3,A,1,1,at_home,services,course,mother,1.0,2.0,0,no,no,no,no,yes,yes,no,yes,5,2.0,3,1,2,3.0,2,8.0,10.0,11,medium
609,MS,F,18,U,GT3,T,1,2,at_home,at_home,course,father,2.0,2.0,0,no,yes,no,no,yes,no,no,no,4,,1,1,1,,0,11.0,11.0,12,medium
610,MS,F,19,R,GT3,A,1,1,at_home,at_home,course,other,2.0,2.0,3,no,yes,no,yes,yes,no,no,yes,3,5.0,4,1,4,1.0,0,8.0,, 0 ,low
611,MS,F,18,R,GT3,T,2,2,services,other,home,mother,,3.0,0,no,no,no,no,yes,yes,yes,yes,4,2.0,1,1,1,4.0,5,14.0,14.0, 15 ,high
612,MS,M,17,R,GT3,T,4,3,services,other,home,mother,2.0,2.0,1,no,yes,yes,yes,no,yes,yes,yes,4,,5,1,3,,4,10.0,11.0,11,medium
613,MS,F,18,U,GT3,T,3,3,services,services,course,father,1.0,2.0,0,no,yes,no,no,yes,yes,no,yes,5,3.0,4,3,3,5.0,0.0,10.0,10.0,10,MEDIUM
614,MS,F,17,R,GT3,T,4,4,teacher,services,other,father,2.0,2.0,0,no,yes,yes,yes,yes,yes,yes,no,4,3.0,3,1,2,5.0,2,12.0,12.0,12,medium
615,MS,F,17,U,LE3,A,3,2,services,other,reputation,mother,2.0,2.0,0,no,no,no,no,yes,yes,no,yes,1,2.0,3,1,2,5.0,0,15.0,14.0,15,high
616,MS,M,18,U,LE3,T,1,1,other,services,home,father,2.0,1.0,0,no,no,no,no,no,yes,yes,yes,3,3.0,2,1,2,3.0,2,14.0,13.0,14,HIGH
617,MS,F, 18 ,U,LE3,T,1,1,at_home,services,course,father,2.0,3.0,0,no,no,no,no,yes,yes,yes,no,5,3.0,2,1,1,4.0,0,19.0,17.0,18,high
618,MS,F,18,R,LE3,A,1,2,at_home,other,course,mother,3.0,2.0,0,no,no,no,no,yes,yes,no,yes,4,3.0,4,1,4,5.0,0,16.0,15.0,15, high 
619,MS,F,18,U,GT3,T,3,3,services,services,other,mother,2.0,,0,no,yes,no,no,yes,yes,yes,yes,4,3.0,2,1,3,,6,13.0,12.0,13,medium
620,MS,F,17,U,LE3,T,4,4,at_home,at_home,course,mother,1.0,2.0,0,no,yes,no,yes,yes,yes,yes,yes,2,3.0,4,1,1,,4,15.0,14.0,15,high
621,MS,F, 17 ,R,GT3,T,1,2,other,services,course,father,2.0,2.0,0,no,no,no,no,no,yes,no,no,3,2.0,2,1,2,3.0,0,13.0,13.0, 13 ,medium
622,MS,M,18,R,GT3,T,1,3,at_home,other,course,mother,2.0,2.0,0,no,yes,yes,no,yes,yes,no,no,3,3.0,4,2,4,3.0,0,8.0,10.0,9,low
623,MS,M, 18 ,U,LE3,T,4,4,teacher,services,other,mother,2.0,3.0,0,no,no,no,no,yes,yes,yes,yes,4,2.0,2,2,2,,0,15.0,16.0,16,high
624,MS,F,17,R,GT3,T,1,1,other,services,reputation,mother,3.0,1.0,1,no,yes,no,no,yes,yes,yes,yes,5,2.0,1,1,2,1.0,0,8.0,8.0,9, low 
625,MS,F,18,U,GT3,T,2,3,at_home,services,course,father,2.0,1.0,0,no,yes,no,no,yes,yes,yes,yes,5,2.0,3,3,4,4.0,0.0,10.0,10.0,10,medium
626,MS,F,18,R,GT3,T,4,4,other,teacher,other,father,3.0,2.0,0,no,yes,no,no,no,yes,yes,yes,3,2.0,2,4,2,5.0,0,7.0,5.0,0,low
627,MS,M,18,R,LE3,T,1,2,at_home,services,other,father,3.0,,0,no,yes,no,yes,yes,no,yes,yes,4,,3,2,3,3.0,3,9.0,10.0,10,medium
628,MS,F,17,U,GT3,T,2,2,other,at_home,home,mother,1.0,3.0,0,no,no,no,yes,yes,yes,no,yes,3,4.0,3,1,1,3.0,8,10.0,11.0,12, medium 
629,MS,F,17,R,GT3,T,1,2,other,other,course,mother,1.0,1.0,0,no,no,no,yes,yes,yes,yes,no,3,5.0,5,1,3,1.0,4,7.0,8.0,9,low
630,MS,F,18,R,LE3,T,4,4,other,other,reputation,mother,2.0,3.0,0,no,no,no,no,yes,yes,yes,no,5,,4,1,1,1.0,0,15.0,17.0,17,high
631,MS,F,18,R,GT3,T,1,1,other,other,home,mother,4.0,3.0,0,no,no,no,no,yes,yes,yes,no,4,3.0,2,3,4,4.0,12.0,10.0,11.0,12,medium
632,MS,F,19,R,GT3,T,1,1,at_home,other,course,other,2.0,,1,,,,,,,,,4,3.0,3,1,1,3.0,4,7.0,8.0,9,low
633,MS,F, 18 ,R,LE3,T,4,4,teacher,services,course,mother,1.0,2.0,0,NO,NO,NO,YES,YES,YES,YES,NO,5,4.0,3,5,5,,3.0,13.0,14.0,14,high
634,MS,F,18,U,GT3,T,3,3,other,other,home,mother,1.0,,0,no,no,no,no,yes,yes,yes,yes,4,1.0,3,1,2,1.0,1,16.0,16.0,16,high
635,MS,F, 17 ,R,GT3,T,3,1,at_home,other,reputation,mother,1.0,2.0,0,no,yes,no,yes,no,yes,yes,no,4,5.0,4,2,3,,10,8.0,,9,low
636,MS,M,18,U,GT3,T,4,4,teacher,teacher,home,father,1.0,2.0,0,no,no,no,yes,no,yes,yes,no,3,2.0,4,1,4,2.0,4,17.0,18.0,19,high
637,MS,M,18,R,GT3,T,2,1,other,other,other,mother,2.0,1.0,0,no,no,no,yes,no,yes,yes,yes,4,4.0,3,1,3,,?,7.0,7.0,0,low
638,MS,M,17,U,GT3,T,2,3,other,services,home,father,2.0,2.0,0,,,,,,,,,4,4.0,3,1,1,3.0,4,14.0,15.0,16,high
639,MS,M,19,R,GT3,T,1,1,other,services,other,mother,2.0,1.0,1, no , no , no , no , yes , yes , no , no ,4,3.0,2,1,3,5.0,?,5.0,8.0,0,low
640,MS,M,18,R,GT3,T,4,2,other,other,home,father,2.0,1.0,1, no , no , yes , no , yes , yes , no , no ,5,4.0,3,4,3,3.0,0,7.0,7.0,0,low
641,MS,F,18,R,GT3,T,2,2,at_home,other,other,mother,2.0,3.0,0, no , no , no , no , yes , yes , no , no ,5,,3,1,3,4.0,0,14.0,17.0,15,high
642,MS,F,17,U,GT3,T,4,3,teacher,other,other,mother,2.0,,0,no,no,no,no,yes,yes,yes,no,5,5.0,4,3,3,1.0,0.0,6.0,9.0,11,MEDIUM
643,MS,F,18,R,GT3,T,4,4,teacher,at_home,reputation,mother,3.0,1.0,0,no,yes,no,yes,yes,yes,yes,yes,4,4.0,3,2,2,5.0,4,7.0,9.0,10,medium
644,MS,F,19,R,GT3,T,2,3,services,other,course,mother,1.0,3.0,1,no,no,no,yes,no,yes,yes,no,5,4.0,2,1,2,5.0,4,10.0,11.0,10,medium
645,MS,F,18,U,LE3,T,3,1,teacher,services,course,mother,1.0,2.0,0,no,yes,no,no,yes,yes,yes,no,4,3.0,4,1,1,1.0,4,15.0,15.0,16,high
646,MS,F, 18 ,U,GT3,T,1,1,other,other,course,mother,2.0,,0,no,no,no,yes,yes,yes,no,no,1,1.0,1,3,3,5.0,18.0,11.0,12.0, 9 ,low
647,MS,M,17,U,LE3,T,3,1,services,services,course,mother,,1.0,0,no,no,no,no,no,yes,yes,no,2,4.0,5,3,4,2.0,6,10.0,10.0,10,medium
648,MS,M,18,R,LE3,T,3,2,services,other,course,mother,3.0,1.0,0,no,no,no,no,no,yes,yes,no,4,4.0,1,3,4,5.0,4,10.0,11.0,11,medium
